ManagedEntityTypeSystemName	cnt
Microsoft.Windows.InternetInformationServices.10.0.ApplicationPool	3286
Microsoft.Windows.DNSServer.2016.Zone	2679
Microsoft.Windows.Server.10.0.LogicalDisk	2147
Microsoft.Windows.ComputerNetworkAdapter	1941
Microsoft.Windows.Server.10.0.NetworkAdapter	1659
Microsoft.Windows.DHCPServer.Library.IPv4Scope	1606
Microsoft.Windows.Computer	1335
Microsoft.Windows.OperatingSystem	1267
Microsoft.SystemCenter2012.ConfigurationManager.Client	1263
Microsoft.SystemCenter.HealthService	1252
Microsoft.SystemCenter.HealthServiceWatcher	1252
Microsoft.SystemCenter.ManagementService	1252
Microsoft.SystemCenter.Installed.OMProducts	1216
SCOM.Management.Class	1203
Microsoft.Windows.FileServices.6.3.Seed	1162
LW.Microsoft.3rdParty.Calcomp.CHS	1162
Microsoft.SystemCenter.License.Standard	1160
Microsoft.Windows.FileServices.10.0.Seed	1145
LW.Microsoft.Windows.MSDTC.2016	1143
LW.Microsoft.Windows.Defender.Role.2016	1125
Microsoft.Windows.DNSServer.2016.ZoneScope	1105
Microsoft.Windows.InternetInformationServices.10.0.WebSite	777
Microsoft.SystemCenter.Apm.ApmAgent	633
Microsoft.SystemCenter.Apm.CsmAgent	633
Microsoft.Windows.Server.2008.AD.EssentialService	612
Microsoft.SystemCenter.Apm.NTServiceEndpoint	559
Microsoft.SystemCenter.UserActionManager	509
Microsoft.Windows.DNSServer.2016.Forwarder.IPAddress.Conditional.Forward	502
Microsoft.Windows.InternetInformationServices.10.0.AspNetWebServiceEndpoint	501
Microsoft.Windows.InternetInformationServices.10.0.AspNetWebApplicationEndpoint	494
Microsoft.Windows.FileServices.6.3.FileServer	494
Microsoft.Windows.FileServices.Service.SMB.6.3	471
Microsoft.Windows.FileServices.Service.SMB.10.0	461
Microsoft.Windows.FileServices.10.0.FileServer	461
LW.Microsoft.Windows.FileServices.Service.iSCSITarget.6.3	459
Microsoft.Windows.InternetInformationServices.6.2.ApplicationPool	440
Microsoft.SystemCenter.License.Enterprise	417
Microsoft.Exchange.15.ServiceComponentsHealthSet	412
Microsoft.Windows.InternetInformationServices.10.0.ServerRole	408
Microsoft.Windows.InternetInformationServices.10.0.WebServer	404
LW.Microsoft.Windows.InternetInformationServices.6.4.ServerRole	397
ServiceStateProbePage_6b9039c80a5e4573bbb51e6b42c22a6f	280
Microsoft.Windows.DNSServer.2016.Forwarder.Conditional.Forward	251
LW.Microsoft.3rdParty.Comtrade.NutanixVM	247
Microsoft.Windows.Server.6.2.LogicalDisk	245
Microsoft.Windows.DNSServer.2016.Forwarder.IPAddress.Unconditional	235
Microsoft.Windows.Server.6.2.NetworkAdapter	212
ServiceStateProbePage_c069eef64aaf46378dcbe6e60a824928	202
OpsLogix.IMP.Ping.Target	187
Microsoft.Windows.Cluster.HostedGroup	169
Microsoft.Windows.InternetInformationServices.10.0.IISAdminService	166
Microsoft.Windows.Client.Win10.DiskPartition	163
LW.Microsoft.2016.RemoteDesktopServices	135
LW.Microsoft.Windows.Server.Queuing.2016	129
System.ExtensionType	114
Microsoft.SystemCenter.Apm.IIS.2008.WCFServiceApplication	109
LW.Microsoft.Windows.Server.File.Services.2012R2	100
Microsoft.Exchange.15.NTService	99
Microsoft.Windows.FileServer.DFSN.10.0.RoleService	99
Microsoft.Windows.DNSServer.2016.Server.IPAddress	98
Microsoft.Windows.FileServer.DFSR.6.3.RoleService	98
Microsoft.Windows.FileServer.DFSR.6.3.Service	98
Microsoft.Windows.FileServer.DFSN.6.3.RoleService	98
Microsoft.Windows.FileServer.DFSR.10.0.Service	98
Microsoft.Windows.FileServer.DFSR.6.3.ReadOnlyFilterDriver	98
Microsoft.Windows.DNSServer.2016.DNSDomain	92
LW.Microsoft.Windows.Server.10.0.AD.GlobalCatalogServerRole	88
Microsoft.Windows.Cluster.Group	86
Microsoft.Windows.InternetInformationServices.6.2.WebSite	84
Microsoft.Windows.InternetInformationServices.6.2.AspNetWebApplicationEndpoint	83
Microsoft.Windows.Server.10.0.AD.DomainController.DNS	80
Microsoft.Windows.Server.10.0.AD.DomainController.SYSVOL	80
Microsoft.Windows.Server.10.0.AD.DomainControllerRole	80
Microsoft.Windows.Client.Win10.Processor	80
Microsoft.Windows.Server.2008.AD.DomainControllerRole	76
Microsoft.Windows.InternetInformationServices.6.2.ServerRole	74
Microsoft.Windows.Client.Win10.NetworkAdapter	72
Microsoft.Exchange.15.CustomerTouchPointsHealthSet	72
LW.Microsoft.Windows.SQL.Server.2016	72
LW.Microsoft.Windows.SQL.Server.2016.AnalysisServices	72
Microsoft.Windows.Client.Win10.LogicalDisk	71
System.NetworkManagement.NetworkAdapter	70
Microsoft.Windows.DHCPServer.10.0.FailoverServerWatcher	69
Microsoft.Windows.FileServer.DFSR.ReplicationGroupMember	66
Microsoft.Windows.DNSServer.2016.Healthcheck.TaskTarget	65
Microsoft.Windows.DNSServer.2016.RecursionScope	65
Microsoft.Windows.DNSServer.2016.Server	65
Microsoft.Windows.DNSServer.2016.Forwarder.Unconditional	65
LW.Microsoft.Windows.DNSServer.2016.Server	65
Microsoft.Windows.FileServer.DFSR.ReplicatedFolder	64
Microsoft.Windows.FileServer.DFSR.Volume	63
Microsoft.Windows.InternetInformationServices.6.2.WebServer	63
Microsoft.Windows.Server.ClusterSharedVolumeMonitoring.Cluster	63
Microsoft.Windows.FileServer.DFSN.6.3.Service	62
Microsoft.Windows.FileServer.DFSN.10.0.Service	62
Microsoft.Windows.InternetInformationServices.6.2.AspNetWebServiceEndpoint	61
Microsoft.Windows.InternetInformationServices.10.0.WMService	61
Microsoft.Windows.Server.AD.ConnectionObject	59
Microsoft.Windows.Server.AD.Library.ConnectionObject	59
LW.Microsoft.Windows.6.4.Cluster.Node	58
Microsoft.Windows.Client.Win10.PhysicalDisk	55
Microsoft.Windows.Cluster.Network	51
Microsoft.Windows.Client.Win10.Aggregate.PhysicalDIMM	51
Microsoft.Exchange.15.IISApplicationPool	51
Microsoft.Windows.Server.AD.Library.Site	51
Microsoft.Windows.Server.AD.Site	51
Microsoft.SystemCenter.WebApplicationTest.WebTest	50
System.NetworkManagement.ApplicationService	49
Microsoft.Windows.Cluster.Service	48
Microsoft.Windows.DHCPServer.Library.Server	48
Microsoft.Windows.Cluster.NodeRole	47
System.NetworkManagement.HeartbeatProvider	45
System.NetworkManagement.Node	45
LW.Microsoft.Windows.SQL.Server.2016.ReportingServices.NativeMode	44
Microsoft.Windows.Server.AD.SiteLink	43
Microsoft.Windows.Server.AD.Library.SiteLink	43
System.NetworkManagement.IP	38
alterra.dhcp.alterradhcp.Class	36
SCUtils.APC.UPS.Monitoring.Card	35
Microsoft.Windows.DHCPServer.Library.Database	34
LW.Microsoft.Windows.DHCPServer.6.4.Server	33
Microsoft.Windows.DHCPServer.Library.IPv4Runtime	31
Microsoft.Windows.DNSServer.2016.Zone.WINSConnector	31
Microsoft.Windows.InternetInformationServices.10.0.FTPServer	27
LW.Microsoft.Windows.SQL.Server.2017	27
LW.Microsoft.Windows.Server.Queuing.2012R2	26
Microsoft.SystemCenter2012.ConfigurationManager.AlertSUM2DeploySuccessBelowThreshold	26
Microsoft.Windows.Cluster	25
ServiceStateProbePage_6c0bca0c95004c40adc2c1260000827c	25
ServiceStateProbePage_3950824e12dd4ad9bdee46cd45d26356	23
LW.Microsoft.Core.OS	23
LW.Microsoft.Windows.MSDTC.2012R2	23
LW.Microsoft.Windows.Server.6.4.PrintServerRole	22
Microsoft.Windows.FileServer.DFSN.ADSite	22
LW.Microsoft.3rdParty.Dell.EMC	21
LW.Microsoft.3rdParty.Dell.OME	21
Microsoft.SystemCenter2012.ConfigurationManager.ContentStorageDrive	21
Microsoft.SystemCenter2012.ConfigurationManager.ServerComponent	21
Microsoft.SystemCenter2012.ConfigurationManager.SiteSystemInfo	20
Microsoft.SystemCenter2012.ConfigurationManager.SiteSystemServer	19
Microsoft.SystemCenter2012.ConfigurationManager.DistributionSource	19
Microsoft.SystemCenter2012.ConfigurationManager.DistributionPoint	19
Microsoft.SystemCenter2012.ConfigurationManager.ContentDistribution	19
LW.Microsoft.3rdParty.OpsLogix.Oracle	19
Microsoft.Exchange.15.KeyDependenciesHealthSet	19
Microsoft.SystemCenter2012.ConfigurationManager.PxeServicePoint	18
SCUtils.APC.UPS.IEMProbe	18
ServiceStateProbePage_d235ae685cc14d4aaf1d02da6b229baa	18
System.NetworkManagement.IPNetwork	17
Microsoft.Exchange.15.ReceiveConnector	17
Microsoft.Windows.FileServer.DFSR.ReplicationGroup	16
SystemCenterCentral.Utilities.Certificates.Certificate	16
Microsoft.Windows.FileServices.Service.FCI.10.0	14
Microsoft.Windows.FileServices.Service.FCI.6.3	14
Microsoft.Windows.FileServices.Service.FSRM.10.0	14
Microsoft.Windows.FileServices.Service.FSRM.6.3	14
Microsoft.SystemCenter.AgentVersions	14
Microsoft.Linux.Universal.LogicalDisk	14
LW.Microsoft.Windows.SQL.Server.2014	14
LW.Microsoft.3rdParty.Teqwave.PostgreSQL	14
LW.Microsoft.3rdParty.Teqwave.CitrixVirtualAppsandDesktops	13
LW.Microsoft.3rdParty.Gripmatix.CVAD	13
alterra.LRythm.LRMon.Class	13
Microsoft.SystemCenter.WebApplicationSolutions.SingleUrlTest	13
Microsoft.Windows.InternetInformationServices.2008.ApplicationPool	13
Microsoft.SystemCenter.DataWarehouse.DataSet	12
Microsoft.SystemCenter.WebApplicationSolutions.WebTestGroupByLocation	12
Microsoft.SystemCenter.WebApplicationSolutions.WebTestGrouperByLocation	12
Alterra.RTPApp.RTPServer.Class	12
AlterraMP.Class.RTPServers	12
Microsoft.Exchange.15.SendConnector	11
Microsoft.Windows.Server.AD.Library.Domain	11
Microsoft.Windows.Server.AD.Domain	11
Microsoft.Windows.Server.AD.Library.Forest	10
Microsoft.Windows.Server.AD.Forest	10
ServiceStateProbePage_6a203283767d47b2821cc56f1c88f9bc	10
LW.Microsoft.Windows.SQL.Server.2012	10
LW.Microsoft.Windows.CertificateServices.CARole.6.4	9
Microsoft.Exchange.15.ServerResourcesHealthSet	9
Microsoft.SystemCenter.ManagementServicePoolWatcher	9
OpsLogix.IMP.Ping.Host	9
Microsoft.Windows.Server.ClusterDisksMonitoring.ClusterDisk	9
Microsoft.Windows.InternetInformationServices.6.2.FTPServer	8
ALETRRA.SMSINTERFACE.SMSINT.Class	8
LW.Microsoft.3rdParty.Savision.ActiveDirectory	7
Microsoft.Linux.Universal.NetworkAdapter	7
Microsoft.Unix.ComputerNetworkAdapter	7
Microsoft.Windows.FileServer.DFSN.6.3.RootTarget	7
Microsoft.Windows.FileServer.DFSN.10.0.RootTarget	7
Microsoft.Windows.DHCPServer.Library.Superscope	7
ServiceStateProbePage_0f7097a8c88941cfb64db8efb998f3b8	7
ServiceStateProbePage_a637043283e246269ce862795d460dd9	6
Microsoft.Windows.InternetInformationServices.2008.AspNetWebApplicationEndpoint	6
Microsoft.Unix.Computer	6
Microsoft.Unix.HeartbeatProvider	6
Microsoft.Linux.Universal.OperatingSystem	6
Microsoft.SystemCenter.AgentConfiguration	6
LW.Microsoft.Windows.Server.ActiveDirectory.2012R2	6
LW.Microsoft.Windows.SQL.Server.2012.ReportingServices.NativeMode	5
Microsoft.Windows.InternetInformationServices.2008.WebSite	5
Microsoft.Windows.InternetInformationServices.10.0.FTPSite	5
Microsoft.Windows.FileServer.DFSN.6.3.ADPerspective	5
Microsoft.Windows.FileServer.DFSN.Namespace	5
Microsoft.Windows.FileServer.DFSN.10.0.ADPerspective	5
ServiceStateProbePage_ef386e5f6ddb463d8a805e3c5b972d66	5
SquaredUp.EAM.Library.Class.AvailabilityMonitoring.Watcher.Web	4
ProcessMonitoring_051593a5c92345bdaf25f5c11ff25179MonitoredProcess	4
LW.Microsoft.Windows.Server.DNS.2012R2	4
LW.Microsoft.Windows.Server.Remote.Desktop.Services.2012R2	4
LW.Microsoft.Windows.Server.Cluster.2012R2	4
LW.Microsoft.3rdParty.Savision.DNS	4
LW.Microsoft.3rdParty.Savision.RemoteDesktopServices	4
alt.sft4utg.utgdisc.Class	4
Microsoft.Windows.CertificateServices.CA	4
Microsoft.SystemCenter.Connector	4
System.NetworkManagement.SNMPCommunity	4
SystemCenterCentral.Utilities.Certificates.CertificateStore	3
Microsoft.Exchange.15.Server	3
Microsoft.SystemCenter.HealthServiceWatchersGroup	3
Microsoft.SystemCenter.ManagementServiceRuntimePool	3
Microsoft.Unix.CredentialRef	3
ALT.eltima.eltimaserverdisc.Class	3
ALT.eltima.schweltdisc.Class	3
Alterra.cayoadm.CayoADMSvc.Class	3
LW.Microsoft.3rdParty.Savision.Exchange.2013	3
LW.Microsoft.Windows.Exchange.Server.2013	3
LW.Microsoft.Windows.SharePoint.Server.2016	3
LW.Microsoft.Windows.SQL.Server.2008	3
LW.Microsoft.Windows.SQL.Server.2014.AnalysisServices	3
LW.Microsoft.Windows.SQL.Server.2014.ReportingServices.NativeMode	3
Microsoft.Exchange.15.MailboxDatabaseCopy	3
LW.Microsoft.Windows.SQL.Server.2017.Replication	3
Microsoft.Exchange.15.ActiveDirectorySite	3
Microsoft.Exchange.15.Organization	3
Microsoft.Exchange.15.Organization.CAServers.InstanceGroup	3
Microsoft.Exchange.15.Organization.ConnectorContainer	3
Microsoft.Exchange.15.Organization.MbxServers.InstanceGroup	3
Microsoft.Exchange.15.Queues.Server	3
ServiceStateProbePage_db069c781d5f4a4fa9dc0455dc1f9aed	3
ServiceStateProbePage_e639aa4eb7814d7e9201a82a8f57fa08	3
ServiceStateProbePage_646e5dae0a5d496ebc2b5f0f1ec28d07	3
ServiceStateProbePage_22d4f6283c6f44cd867ed2fb63485005	3
Microsoft.Windows.FileServices.Service.Deduplication.10.0	3
Microsoft.Windows.FileServices.Service.Deduplication.6.3	3
Microsoft.Windows.FileServices.Service.NFS.10.0	3
Microsoft.Windows.FileServices.Service.NFS.6.3	3
Microsoft.Windows.FileServices.Service.Deduplication.6.3.Volume	2
Microsoft.Windows.FileServices.Service.Deduplication.10.0.Volume	2
Microsoft.Windows.FileServer.DFSR.10.0.ReadOnlyFilterDriver	2
Microsoft.Windows.FileServer.DFSR.10.0.ReadOnlyReplicatedFolder	2
Microsoft.Windows.FileServer.DFSR.6.3.ReadOnlyReplicatedFolder	2
Microsoft.SystemCenter2012.ConfigurationManager.SiteSystem	2
ServiceStateProbePage_355d19d7b5e345dcb4cb93325756e545	2
System.NetworkManagement.Memory	2
Nutanix.Seed	2
LW.Microsoft.Windows.SQL.Server.2012.AnalysisServices	2
LW.Microsoft.Windows.SCCM.2012	2
LW.Microsoft.Windows.Server.IIS.2012	2
LW.Microsoft.Windows.Server.AD.Certificate.2012R2	2
LW.Microsoft.3rdParty.Savision.SCCM.2012	2
LW.Microsoft.3rdParty.Infront.RightFax	2
ALT.sft4utg.schwsft4utgdisc.Class	2
Microsoft.Windows.CertificateServices.CARole.6.3	2
Microsoft.Windows.CertificateServices.Hierarchy	2
Microsoft.SystemCenter2012.ConfigurationManager.ComponentServer	2
Microsoft.SystemCenter.ReportConsoleWatcher	2
Microsoft.SystemCenter.Installed.Database	2
Microsoft.SystemCenter.TieredManagementGroup	2
System.NetworkManagement.Processor	2
System.NetworkManagement.RelayNetworkAdapterGroup	1
System.NetworkManagement.SNMPOnlyGroup	1
System.NetworkManagement.UserNetworkAdapterGroup	1
SystemCenterCentral.Utilities.Certificates.CAGroup	1
SystemCenterCentral.Utilities.Certificates.CertCRLGroup	1
System.NetworkManagement.IcmpOnlyGroup	1
System.NetworkManagement.NetworkDiscoveryServer	1
System.NetworkManagement.NetworkMonitoring.Group	1
SystemCenterCentral.Utilities.Certificates.CurrentCRLsGroup	1
SystemCenterCentral.Utilities.Certificates.ExpiredCertificatesGroup	1
SystemCenterCentral.Utilities.Certificates.InvalidCertificatesGroup	1
SystemCenterCentral.Utilities.Certificates.MonitoringDisabledGroup	1
SystemCenterCentral.Utilities.Certificates.NotUpdatedCRLsGroup	1
SystemCenterCentral.Utilities.Certificates.RequiredWindowsCertificatesGroup	1
SystemCenterCentral.Utilities.Certificates.RootCertificateStoreGroup	1
SystemCenterCentral.Utilities.Certificates.SoonToExpireCertificatesGroup	1
SystemCenterCentral.Utilities.Certificates.ValidCertificatesGroup	1
UINameSpace025d3e2f1c0b40098f7e5922b20dab77.Group	1
UINameSpace07610da8147c4ee884462491bdfd015d.Group	1
UINameSpace0841672acf884a1593af60a44e07d915.Group	1
UINameSpace089caa4ff891406b8ad1bf73b4efd054.Group	1
UINameSpace08d259b2958e4fbba16174f1db35f5a3.Group	1
UINameSpace08f1567851944fe6acb8ed1412c85a1c.Group	1
UINameSpace0b40c7ff44f540fcb2ee6c0f12229416.Group	1
UINameSpace0b9df7f667214172a6ed4a5d1a1a3a00.Group	1
UINameSpace0bbb8790a36f487ba9a770a04915bd17.Group	1
UINameSpace0c68dd96eb64447097491b2175eec67f.Group	1
UINameSpace0d5c7c5968544cfe802d197490931426.Group	1
UINameSpace0daed345591b45fb834260921a925c2e.Group	1
UINameSpace0fc2eda1bafc40cabeec995e3eb802a4.Group	1
UINameSpace10b524385a114343af368b84ba237b64.Group	1
UINameSpace190fb6a02f2540efb4ba2e3a7e6e408c.Group	1
UINameSpace1bc8d926ec2c4e1eaf55ac05a0dc4415.Group	1
UINameSpace1ead4e93895248948d629b27555c835f.Group	1
UINameSpace1f21635a2d4c4020a6ebd93573bc3be1.Group	1
UINameSpace26c16aece947449fb2805f3c5893cc3b.Group	1
UINameSpace282f89c1519541338e4523fa6ab6f296.Group	1
UINameSpace2a6d18efdb754c95a92afbe7d39a2b37.Group	1
UINameSpace2b9a99e671534190bb2852b0716495e2.Group	1
UINameSpace2ead15be61014841ab40df7941c38d81.Group	1
UINameSpace2f585019fff94fef8b2c34fde3c75fcd.Group	1
UINameSpace2fbbb79e8aad4cdfb93a15014aa5d745.Group	1
UINameSpace3337010b4dc5431d8ede81aa795d7a6f.Group	1
UINameSpace34ae7d730e2948f7b7c5dde1f4372a34.Group	1
UINameSpace3529ce6757cb44d6a11b16f3416fd138.Group	1
UINameSpace3750baa7b1cd48f491a5b636598bee1e.Group	1
UINameSpace39fe8ba83beb4dd78602094dec4fa8da.Group	1
UINameSpace3bd87d36d21745fb9468a10749a20132.Group	1
UINameSpace3e75729798884257b248460e2a9cc37d.Group	1
UINameSpace3ffac703062e42d9b29ef8b08711a4e6.Group	1
UINameSpace42aacaa4b64f424195cff46c3f20356e.Group	1
UINameSpace43d82102d4ec4c8d99853424f0c1c6a1.Group	1
UINameSpace43f4917a189a402aac158a5e000bbbe4.Group	1
UINameSpace441b0494690140edb41257aa31f676ad.Group	1
UINameSpace455904ea014a4a969ca1518eb5b29d0d.Group	1
UINameSpace47725a078ea04d69b2d4908e7c9fac6d.Group	1
UINameSpace502fe35de2244508aa9d6534e4203c19.Group	1
UINameSpace51042a9b007f49c6a9a52b5d78090cc0.Group	1
UINameSpace54d553be85d148fea527a57d8a3770c4.Group	1
UINameSpace565c69e6163e40a0a35f511c1e379899.Group	1
UINameSpace565df619e1fd400ea39fa458dffa10be.Group	1
UINameSpace5676201573284d6886fbd2ef559d57fb.Group	1
UINameSpace5793fff335644094ad58d1b7414972e3.Group	1
UINameSpace579d377eed514df685cf11c739200765.Group	1
UINameSpace5c0ee47a00fb4cbf881ce3fa3545e81f.Group	1
UINameSpace5c74a789747c4203a1199d4719821b29.Group	1
UINameSpace626caf52da70450e8ae05e447a124fe5.Group	1
UINameSpace65468e824bbf4a51ba7b344181d1a0e1.Group	1
UINameSpace66256b0e14ce47308ef86e1b923cdce3.Group	1
UINameSpace67701d6a3e0545e88433f6ebb933356b.Group	1
UINameSpace6b03a89383f54b90a1d4f0876ddc379c.Group	1
UINameSpace6ce573e529d443e29c38aee56fba8a31.Group	1
UINameSpace6d5d90cf049e4549815f8b348b5f3c23.Group	1
UINameSpace6da4d1690f344b7ab155fdf8df90e6c7.Group	1
UINameSpace6dcc6e49932b4ebf82846c57185d830a.Group	1
UINameSpace6e249da4bb26430892ce6bfe9075ccae.Group	1
UINameSpace6f28c3cc0911474d8f926841a953a4b8.Group	1
UINameSpace70b86b4b4b5144e3a166ccd2b460d828.Group	1
UINameSpace7339070efe8943b0931a7d0fe3bbb49d.Group	1
UINameSpace751267cdc68d412e95b33b660d1ad2f8.Group	1
UINameSpace7821077d05e0485a9fb725fea4600274.Group	1
UINameSpace7f63340a79354e2abb78cb702db4c95a.Group	1
UINameSpace7f8184bf5074492a9f17920c2abb319b.Group	1
UINameSpace80ef7ce4396a4f8a9bbb1124f495124a.Group	1
UINameSpace836a315e35f0461faded4f1cf67ddf84.Group	1
UINameSpace8382d1a181c84d2fa8825d6011cc7027.Group	1
UINameSpace87c0faf1f9b14218bcb3074c4cff9992.Group	1
UINameSpace8b7e1a3955994513a691955b45a3f6a5.Group	1
UINameSpace8ca6e768ed5144fd8bc9b5c6292397c7.Group	1
UINameSpace8fd7397240f64896adbf620f6b28d4b9.Group	1
UINameSpace94a989a767cf463a9fe17a6120c9d8f3.Group	1
UINameSpace95739e58085846868af16632cfc1c77a.Group	1
UINameSpace9b4cf56b8c9e4b03a4f8ca2d7141f69c.Group	1
UINameSpace9bde6c281afd49b2ad3e2fe3dbf46d30.Group	1
UINameSpace9be9e1897a374908a5392822eea320a4.Group	1
UINameSpace9bf4344cbe184e9c9a0b5d4426b029ce.Group	1
UINameSpace9ca0b92eb9a641dcb667c646068a9f24.Group	1
UINameSpace9eac6164073a4b02b8c675366ca67212.Group	1
UINameSpacea3cdd1fc86b547a9b4c7635e729963b5.Group	1
UINameSpacea7ef997ea93b48ecb94439164ae5b8d3.Group	1
UINameSpacea9029490122041c3a9209c7c7da9ed81.Group	1
UINameSpaceb075b3fe92c7452396d26f2e4e19e332.Group	1
UINameSpaceb249cf1b2a8b41f783582782a2528e3a.Group	1
UINameSpaceb25ed831bbd948c688c25877e7e40f6c.Group	1
UINameSpaceb5d7c5200dad417694f66892e2013fe6.Group	1
UINameSpaceb5e84a61e484480182ce76a263cc8562.Group	1
UINameSpaceb7da4131f4fa496b8a4d18c430d8d943.Group	1
UINameSpaceb84bbcad13574b9a947eaf0e0cd1981d.Group	1
UINameSpaceba4fd228d0014f52923e588721d65e5c.Group	1
UINameSpacebd74def634904dada459e0866e481663.Group	1
UINameSpacebff51bfc478846e39ffd7fc6b7c2e445.Group	1
UINameSpacec58f3ee34a1a41408d3dde5e88859364.Group	1
UINameSpacec848f8865ff340dbb8e9db3ada4729ac.Group	1
UINameSpacecdc57ef23af1423da26a8d1e6fecaa87.Group	1
UINameSpacece0bef29f43446588e9f7f5f2f218e9f.Group	1
UINameSpacece6eb83113f143febd0d0109a579f7c2.Group	1
UINameSpaced25e6237c67d4b5c90d8a30a4cb5167d.Group	1
UINameSpaced2d8f2c7f6044c52b52cdb98b38adddc.Group	1
UINameSpaced4bbcb1a67d74ca3aefef15af513eede.Group	1
UINameSpaced5c229fc0feb486f89f467000624369c.Group	1
UINameSpaced6253210f09142ffac445ed808ec47ff.Group	1
UINameSpaced6e3b819c32b437abb58dfe59a73ac17.Group	1
UINameSpaced7c09daf1ab74deaa00a33d9ef8597c1.Group	1
UINameSpacede4b4d057fea4178ab93e8cb2d8c4e43.Group	1
UINameSpacee1eaea77b5574db2836cc294d280a5d3.Group	1
UINameSpacee1ff044932ae4a78857cbc1325bddbcc.Group	1
UINameSpacee5077c5bfdfe4ec28b99e1346152525c.Group	1
UINameSpacee6cba98657324df1be66ab6db6834216.Group	1
UINameSpacee78fa5aff1e34ec79e04e689ae7bc94e.Group	1
UINameSpacee8c43356406e428f89a95f7b2ea094a6.Group	1
UINameSpacef41f2dde463e4ae180a8ddeaa85551f5.Group	1
UINameSpacef574362d3b0241e3a6af1080d6fb8798.Group	1
UINameSpacef5d784e9394d4480b6ea40d8ecb5c5ab.Group	1
UINameSpacef9ce1fc825d148838908efce642664b8.Group	1
UINameSpacefa8d4d97921649f4bec7e30234ad48a4.Group	1
UINameSpacefbb9f5f88e354861b16d49cec7992cb8.Group	1
UINameSpacefd014e331bfd4d268604d013d25ebbb6.Group	1
UINameSpacefdf61e01304e4c8dbb21ea9a0df96bea.Group	1
UINameSpacefe35ed19b5d449de9ffbcd92adefd688.Group	1
Microsoft.SystemCenter.RootManagementServerComputersGroup	1
Microsoft.SystemCenter.SubscriptionWorkflowTarget	1
Microsoft.SystemCenter.ManagementServicePoolWatchersGroup	1
Microsoft.SystemCenter.MonitoredUnixProcess	1
Microsoft.SystemCenter.NetworkDeviceGroup	1
Microsoft.SystemCenter.NotificationServer	1
Microsoft.SystemCenter.NotificationsResourcePool	1
Microsoft.SystemCenter.OpsMgrDB.AppMonitoring	1
Microsoft.SystemCenter.OpsMgrDBWatcher	1
Microsoft.SystemCenter.OpsMgrDBWatchersGroup	1
Microsoft.SystemCenter.OpsMgrDWWatcher	1
Microsoft.SystemCenter.OpsMgrDWWatchersGroup	1
Microsoft.SystemCenter.WebApplicationSolutions.SingleUrlUiTemplate.00c434a7398b4d12ae372298e0362efb	1
Microsoft.SystemCenter.WebApplicationSolutions.SingleUrlUiTemplate.4845cc4bb8f54a99bbe1628519287488	1
Microsoft.SystemCenter.WebApplicationSolutions.SingleUrlUiTemplate.5a70483f994a4046ab48bf3a9746f6bf	1
Microsoft.SystemCenter.WebApplicationSolutions.SingleUrlUiTemplate.612f17259ea9491f99480696041a6db5	1
Microsoft.SystemCenter.WebApplicationSolutions.SingleUrlUiTemplate.68ef679bbfe84e178816f55a47b6b200	1
Microsoft.SystemCenter.WebApplicationSolutions.SingleUrlUiTemplate.85ad9acb630c4bc09181a2a4e609e042	1
Microsoft.SystemCenter.WebApplicationSolutions.SingleUrlUiTemplate.8c936116f75148c18ff5071022b8d892	1
Microsoft.SystemCenter.WebApplicationSolutions.SingleUrlUiTemplate.97bd1fd291ae42d9a74c61f6e2fde53d	1
Microsoft.SystemCenter.WebApplicationSolutions.SingleUrlUiTemplate.ba728aa1d6c84ee9877191451d29d124	1
Microsoft.SystemCenter.WebApplicationSolutions.SingleUrlUiTemplate.ca579fd010bf4750b3f782dfa113025a	1
Microsoft.SystemCenter.WebApplicationSolutions.SingleUrlUiTemplate.ce4cd04879b740e0bdb7cc769dda2183	1
Microsoft.SystemCenter.WebApplicationSolutions.SingleUrlUiTemplate.dd6bcf87f5b944aa87c1bd9cb5fae952	1
Microsoft.SystemCenter.WebApplicationSolutions.SingleUrlUiTemplate.f668ccccca96462bb1c548a9610125fd	1
Microsoft.SystemCenter.WebConsoleWatcher	1
Microsoft.SystemCenter.WebUserInterfaces.Group	1
Microsoft.SystemCenter.WorkflowFoundation.WorkflowTarget	1
Microsoft.SystemCenter2012.ConfigurationManagement	1
Microsoft.SystemCenter2012.ConfigurationManager.AlertDatabaseReplicationDLLError	1
Microsoft.SystemCenter2012.ConfigurationManager.AlertMigrationAMTWarning	1
Microsoft.SystemCenter2012.ConfigurationManager.AlertMigrationDPFQDNWarning	1
Microsoft.SystemCenter2012.ConfigurationManager.AlertMigrationSyncFailure	1
Microsoft.SystemCenter.Infrastructure.Group	1
Microsoft.SystemCenter.HealthServicesGroup	1
Microsoft.SystemCenter.DataWarehouseSynchronizationService	1
Microsoft.SystemCenter.GatewayManagementServerComputersGroup	1
Microsoft.SystemCenter.GatewayServerGroup	1
Microsoft.SystemCenter.ManagedComputerClientHealthServiceWatcherGroup	1
Microsoft.SystemCenter.ManagementConfigurationService	1
Microsoft.SystemCenter.ManagementConfigurationServiceGroup	1
Microsoft.SystemCenter.ManagementDataAccessService	1
Microsoft.SystemCenter.ManagementDataAccessServiceGroup	1
Microsoft.SystemCenter.ManagementGroup	1
Microsoft.SystemCenter.ManagementServerComputersGroup	1
Microsoft.SystemCenter.ManagementServersGroup	1
Microsoft.SystemCenter.Apm.AvgRequestTimeMonitor.Group	1
Microsoft.SystemCenter.Apm.DataTransferService	1
Microsoft.SystemCenter.Apm.ExceptionRateMonitor.Group	1
Microsoft.SystemCenter.DataBaseGroup	1
Microsoft.SystemCenter.DataWarehouse	1
Microsoft.SystemCenter.DataWarehouse.AppMonitoring	1
Microsoft.SystemCenter.Apm.PerformanceRateMonitor.Group	1
Microsoft.SystemCenter.AuditCollectionService.Group	1
Microsoft.SystemCenter.CM.ClientMonitoringGroup	1
Microsoft.SystemCenter.CollectionManagementServerComputersGroup	1
Microsoft.SystemCenter2012.ConfigurationManager.ClientsComputerGroup	1
Microsoft.SystemCenter2012.ConfigurationManager.DistributionPointsComputerGroup	1
Microsoft.SystemCenter2012.ConfigurationManager.DeviceManagementPointsComputerGroup	1
Microsoft.SystemCenter.Warehouse.Dimension.ProcessingInterval	1
Microsoft.SystemCenter.WebApplication.WebURLWatchersComputerGroup	1
Microsoft.SystemCenter2012.ConfigurationManager.AlertSWDAPPSuceessBelowThreshold	1
Microsoft.SystemCenter2012.ConfigurationManager.BGBServer	1
Microsoft.SystemCenter2012.ConfigurationManager.CentralSiteComputerGroup	1
Microsoft.SystemCenter2012.ConfigurationManager.PxeServicePointsComputerGroup	1
Microsoft.SystemCenter2012.ConfigurationManager.SdkProvider	1
Microsoft.SystemCenter2012.ConfigurationManager.SecondarySiteComputerGroup	1
Microsoft.SystemCenter2012.ConfigurationManager.ServersComputerGroup	1
Microsoft.SystemCenter2012.ConfigurationManager.ServiceConnectionPoint	1
Microsoft.SystemCenter2012.ConfigurationManager.SiteComponentManager	1
Microsoft.SystemCenter2012.ConfigurationManager.SiteServer	1
Microsoft.SystemCenter2012.ConfigurationManager.SiteServerComputerGroup	1
Microsoft.SystemCenter2012.ConfigurationManager.FallbackStatusPoint	1
Microsoft.SystemCenter2012.ConfigurationManager.Hierarchy	1
Microsoft.SystemCenter2012.ConfigurationManager.HierarchyComputerGroup	1
Microsoft.SystemCenter2012.ConfigurationManager.ManagementPoint	1
Microsoft.SystemCenter2012.ConfigurationManager.ManagementPointsComputerGroup	1
Microsoft.SystemCenter2012.ConfigurationManager.PrimarySite	1
Microsoft.SystemCenter2012.ConfigurationManager.PrimarySiteComputerGroup	1
Microsoft.Windows.Client.BusinessCriticalClient.ComputerGroup	1
Microsoft.Windows.Client.ComputerGroup	1
Microsoft.Windows.Client.InstanceGroup	1
Microsoft.Windows.Client.Win10.BusinessCriticalClient.ComputerGroup	1
Microsoft.Windows.Client.Win10.ComputerGroup	1
Microsoft.Windows.Cluster.NodeRole.Group	1
Microsoft.Windows.CertificateServices.CARoleGroup	1
Microsoft.Windows.CertificateServices.Enterprise	1
Microsoft.Windows.CertificateServices.CARole.6.2	1
Microsoft.Unix.ComputerGroup	1
Microsoft.SystemCenter2012.ConfigurationManager.SoftwareUpdatePoint	1
Microsoft.SystemCenter2012.ConfigurationManager.SoftwareUpdatePointsComputerGroup	1
Microsoft.SystemCenter2012.ConfigurationManager.SqlServer	1
Microsoft.SystemCenter2012.ConfigurationManager.SrsReportingPoint	1
Microsoft.SystemCenter2012.ConfigurationManager.StandaloneSiteServer	1
Microsoft.SystemCenter2012.ConfigurationManager.StateMigrationPoint	1
Microsoft.SystemCenter2012.ConfigurationManager.StateMigrationPointsComputerGroup	1
Microsoft.SystemCenter2012.ConfigurationManager.SystemHealthValidatorComputerGroup	1
ALT.axess.axesserverdisc.Class	1
Alterra.cayoadm.Computers.Group	1
Alterra.cayogaur.CayoGaurSvc.Class	1
Alterra.cayogaur.Computers.Group	1
ALT.squirrel.squhost.Class	1
ALT.SquirrelServer.SQSCHWDISC.Class	1
ALT.SRSFolio.folioservers.Class	1
ALT.websales.websalesserverdisc.Class	1
alt_absn.Class.absn_allservers	1
alt_absn.Class.absn_hsw	1
alt_absn.Class.absn_main	1
alt_schw.Class.schw_allservers	1
alt_schw.Class.schw_hsw	1
alt_schw.Class.schw_main	1
AlterraMP.RtpGroup	1
EA_526ba86deec4115e9949a013c1f2d86e_Map_13bb286905f5449baa3ff8aa731afd18	1
EA_fe2f8e898195726e0291470a92491867_Map_04489e5f547a450cb90cf20b94bfda3b	1
EA_fe2f8e898195726e0291470a92491867_Map_7a0c0b8da3284c4881b2720a81d7d189	1
EA_fe2f8e898195726e0291470a92491867_Map_f76e08b034fc4b0f89e40fd01a895a9f	1
EA_fe49b78867f8a74afc9837cec450f74f_Map_b8579d6fa6ec2b31f342ac63ad2fc32e	1
LW.Microsoft.3rdParty.Gripmatix.ADC	1
ALTERRA.SMSINTERFACE.Computers.Group	1
Alterra.SQU.Computers.Group	1
Alterra.SQU.SQUCLS.Class	1
Alterra.RTPApp.Computers.Group	1
alterra.dhcp.Computers.Group	1
alterra.LRythm.Computers.Group	1
LW.Microsoft.3rdParty.Savision.DHCP	1
LW.Microsoft.Windows.CRM.2013	1
LW.Microsoft.Windows.Server.AD.Lightweight.Directory.2012R2	1
LW.Microsoft.Windows.Server.DHCP.2012R2	1
LW.Microsoft.Windows.Server.AD.Certificate.2012	1
LW.Microsoft.Windows.Server.ActiveDirectory.2012	1
LW.Microsoft.Windows.Host.Integration.Server.2010	1
LW.Microsoft.Windows.NetworkLoadBalancing.6.4.ServerRole	1
LW.Microsoft.Windows.Server.NLB.2012R2	1
LW.Microsoft.Windows.SQL.Server.2005	1
LW.Microsoft.Windows.SQL.Server.2016.Replication	1
Microsoft.Exchange.15.Organizations.InstanceGroup	1
Microsoft.Exchange.15.EdgeTransportServers.InstanceGroup	1
Microsoft.Exchange.15.Objects.InstanceGroup	1
Microsoft.Exchange.15.ClientAccessServers.InstanceGroup	1
Microsoft.Exchange.15.ClientAccessServersInClientAccessArray.InstanceGroup	1
Microsoft.Exchange.15.MailboxServers.InstanceGroup	1
Microsoft.Exchange.15.MailboxServersInDatabaseAvailabilityGroup.InstanceGroup	1
Microsoft.Exchange.15.RemoteMonitoring.InstanceGroup	1
Microsoft.SystemCenter.AgentlessExceptionMonitoring.Group	1
Microsoft.SystemCenter.AgentlessManagedComputerGroup	1
Microsoft.SystemCenter.AgentManagedComputerGroup	1
Microsoft.SystemCenter.AgentManagedGroup	1
Microsoft.SystemCenter.AlertNotificationSubscriptionServer	1
Microsoft.SystemCenter.AllComputersGroup	1
Microsoft.SystemCenter.AllManagementServersPool	1
Microsoft.SystemCenter.AllOperationsManagerObjectsGroup	1
Microsoft.SystemCenter.Apm.AlertAppFailureAspectRule.Group	1
Microsoft.SystemCenter.Apm.AlertConnectivityAspectRule.Group	1
Microsoft.SystemCenter.Apm.AlertPerformanceAspectRule.Group	1
Microsoft.SystemCenter.Apm.AlertSecurityAspectRule.Group	1
Microsoft.Linux.Universal.RHEL.ComputerGroup	1
Microsoft.Linux.Universal.SLES.ComputerGroup	1
Microsoft.Linux.UniversalD.1.SupportedAgent	1
Microsoft.Linux.UniversalR.1.SupportedAgent	1
Microsoft.SystemCenter.ADAssignmentResourcePool	1
Microsoft.SystemCenter.ADAssignmentResourcePoolWatchersGroup	1
Microsoft.SystemCenter.Advisor.Library.ServerOptInOutGroup	1
Microsoft.SystemCenter.Advisor.Settings	1
Microsoft.Linux.ComputerGroup	1
Microsoft.Linux.RedHat.ComputerGroup	1
Microsoft.Linux.RedHat.InstanceGroup	1
Microsoft.Linux.RHEL.7.ComputerGroup	1
Microsoft.Linux.RHEL.7.SupportedAgent	1
Microsoft.Linux.SLES.12.ComputerGroup	1
Microsoft.Linux.SLES.12.SupportedAgent	1
Microsoft.Linux.SUSE.ComputerGroup	1
Microsoft.Linux.SUSE.InstanceGroup	1
Microsoft.Linux.Universal.ComputerGroup	1
Microsoft.Linux.Universal.InstanceGroup	1
ProcessMonitoring_04d1373f58db4bce8c824ce9bf572a28MonitoredProcess	1
ProcessMonitoring_3173577863ea4451a2f78b0e44c2e5cdMonitoredProcess	1
ProcessMonitoring_936fb88a8ab54b01a233b9aaa8d5e147MonitoredProcess	1
ProcessMonitoring_a44aab4e38d142648226b46c920ecf97MonitoredProcess	1
ProcessMonitoring_aac08fd36d3544918911d4564ce3d5b8MonitoredProcess	1
ProcessMonitoring_afb5c696778441bfa95dfd28d7dc4825MonitoredProcess	1
ProcessMonitoring_b2c7151e61f249febad4dd8de2d8be5fMonitoredProcess	1
ProcessMonitoring_bee22411c1f3404883a0a8c4713fd7e9MonitoredProcess	1
ProcessMonitoring_cd52d78574cd4c91ada572ac8dae85acMonitoredProcess	1
Microsoft.Windows.Server.ComputerGroup	1
Microsoft.Windows.Server.DNS.Server.10.0.Group	1
Microsoft.Windows.Server.DNS.Server.2003.Group	1
Microsoft.Windows.Server.DNS.Server.2008.Group	1
Microsoft.Windows.Server.DNS.Server.2008R2.Group	1
Microsoft.Windows.Server.DNS.Server.2012.Group	1
Microsoft.Windows.Server.DNS.Server.2012R2.Group	1
Microsoft.Windows.Server.DNS.SignedZone.Group	1
Microsoft.Windows.Server.InstanceGroup	1
Microsoft.Windows.Server.InstanceGroupOnly	1
Microsoft.Windows.WDS.6.3.ComputerGroup	1
Microsoft.Windows.WDS.6.3.InstanceGroup	1
Microsoft.Windows.WDS.ComputerGroup	1
Microsoft.Windows.WDS.InstanceGroup	1
Nutanix.Application	1
Nutanix.Cluster.Group	1
Nutanix.Fan.Group	1
Nutanix.PowerSupply.Group	1
Nutanix.ResourcePool	1
Nutanix.ResourcePool.1	1
Nutanix.ResourcePool.2	1
Microsoft.Windows.Server.AD.Library.Container	1
Microsoft.Windows.Server.AD.DomainMemberComputerGroup	1
Microsoft.Windows.Server.AD.Container	1
Microsoft.Windows.Server.AD.ClientComputerGroup	1
Microsoft.Windows.Server.2000.AD.DomainControllerComputerGroup	1
Microsoft.Windows.Server.2003.AD.DomainControllerComputerGroup	1
Microsoft.Windows.Server.2003.ComputerGroup	1
Microsoft.Windows.Server.2008.AD.DomainControllerComputerGroup	1
Microsoft.Windows.Server.2008.AD.RODCGroup	1
Microsoft.Windows.Server.2008.ComputerGroup	1
Microsoft.Windows.Server.2008.Core.ComputerGroup	1
Microsoft.Windows.Server.2008.Full.ComputerGroup	1
Microsoft.Windows.Server.2008.LogicalDisk	1
Microsoft.Windows.Server.2008.NetworkAdapter	1
Microsoft.Windows.Server.2008.R2.ComputerGroup	1
Microsoft.Windows.Server.2008.R2.Core.ComputerGroup	1
Microsoft.Windows.Server.2008.R2.Full.ComputerGroup	1
Microsoft.Windows.Server.2012.R2.ComputerGroup	1
Microsoft.Windows.Server.2012.R2.Core.ComputerGroup	1
Microsoft.Windows.Server.2012.R2.Full.ComputerGroup	1
Microsoft.Windows.Server.6.2.ComputerGroup	1
Microsoft.Windows.Server.6.2.Core.ComputerGroup	1
Microsoft.Windows.Server.6.2.Full.ComputerGroup	1
System.NetworkManagement.MonitoredAdapters.Group	1
SquaredUp.EAM.Custom.EAM_Default	1
SquaredUp.EAM.Library.Class.AvailabilityMonitoring.MonitoringNode	1
System.NetworkManagement.CriticalNetworkAdapterGroup	1
ServiceStateProbePage_e9c147a6b3b44be787ba8a47ceca3e06	1
ServiceStateProbePage_dc8b5d74756346ea9eb9a410b37fe0d7	1
System.NetworkManagement.AdvancedNetworkAdapterGroup	1
System.NetworkManagement.AllNetworkConnection.Group	1
System.NetworkManagement.AllNetworkMonitoring.Group	1
ServiceStateProbePage_391636187ebe4ed280e7aef9eb5bcf39	1
ServiceStateProbePage_17e8193c9ad34f6bb05d6306a2128d87	1
SCUtils.APC.UPS.Group	1
ServiceStateProbePage_9f34e2d927d54c04b9955837e264a73f	1
ServiceStateProbePage_c847e73db1dd4c0bb8a972e7b323fc62	1
SquaredUp.EAM.Library.Group.AvailabilityMonitoring.AllEAMTestGroups	1
SquaredUp.EAM.Samples.Class.AvailabilityOnly	1
SquaredUp.EAM.Samples.Class.AvailabilityOnly.Availability	1
SquaredUp.EAM.Samples.Class.AvailabilityOnly.AvailabilityMonitoringGroup	1
SquaredUp.EAM.Samples.Class.AvailabilityOnly.Dependencies	1
SquaredUp.EAM.Samples.Class.AvailabilityOnly.Map	1
SquaredUp.EAM.Samples.Class.AvailabilityWithDependencies	1
SquaredUp.EAM.Samples.Class.AvailabilityWithDependencies.Availability	1
SquaredUp.EAM.Samples.Class.AvailabilityWithDependencies.AvailabilityMonitoringGroup	1
SquaredUp.EAM.Samples.Class.AvailabilityWithDependencies.Dependencies	1
SquaredUp.EAM.Samples.Class.AvailabilityWithDependencies.Map	1
SquaredUp.EAM.Samples.Class.AvailabilityWithSimpleMap	1
SquaredUp.EAM.Samples.Class.AvailabilityWithSimpleMap.Availability	1
SquaredUp.EAM.Samples.Class.AvailabilityWithSimpleMap.AvailabilityMonitoringGroup	1
SquaredUp.EAM.Samples.Class.AvailabilityWithSimpleMap.Dependencies	1
SquaredUp.EAM.Samples.Class.AvailabilityWithSimpleMap.Map	1
SquaredUp.EAM.Samples.Class.CompleteEnterpriseApplication	1
SquaredUp.EAM.Samples.Class.CompleteEnterpriseApplication.Availability	1
SquaredUp.EAM.Samples.Class.CompleteEnterpriseApplication.AvailabilityMonitoringGroup	1
SquaredUp.EAM.Samples.Class.CompleteEnterpriseApplication.Dependencies	1
SquaredUp.EAM.Samples.Class.CompleteEnterpriseApplication.Map	1
SquaredUp.EAM.Samples.Class.ManualReportingWithSimpleMap	1
SquaredUp.EAM.Samples.Class.ManualReportingWithSimpleMap.Availability	1
SquaredUp.EAM.Samples.Class.ManualReportingWithSimpleMap.Dependencies	1
SquaredUp.EAM.Samples.Class.ManualReportingWithSimpleMap.Map	1
SquaredUp.EAM.Samples.Class.SampleCloudService.CompleteEnterpriseApplication.AzureActiveDirectory	1
SquaredUp.EAM.Samples.Class.SampleCloudService.CompleteEnterpriseApplication.San	1
SquaredUp.EAM.Samples.Class.SampleCloudService.SmartHotel.AzureActiveDirectory	1
SquaredUp.EAM.Samples.Class.SampleCloudService.SmartHotel.AzureCloudService	1
SquaredUp.EAM.Samples.Class.SampleComputer.AdventureWorks.SQL01	1
SquaredUp.EAM.Samples.Class.SampleComputer.AdventureWorks.Web01	1
SquaredUp.EAM.Samples.Class.SampleComputer.CompleteEnterpriseApplication.App01	1
SquaredUp.EAM.Samples.Class.SampleComputer.CompleteEnterpriseApplication.App02	1
SquaredUp.EAM.Samples.Class.SampleComputer.CompleteEnterpriseApplication.SQL01	1
SquaredUp.EAM.Samples.Class.SampleComputer.CompleteEnterpriseApplication.SQL02	1
SquaredUp.EAM.Samples.Class.SampleComputer.CompleteEnterpriseApplication.Web01	1
SquaredUp.EAM.Samples.Class.SampleComputer.CompleteEnterpriseApplication.Web02	1
SquaredUp.EAM.Samples.Class.SampleComputer.CompleteEnterpriseApplication.Web03	1
SquaredUp.EAM.Samples.Class.SampleComputer.PartsUnlimited.Web01	1
SquaredUp.EAM.Samples.Class.SampleComputer.PartsUnlimited.Web02	1
SquaredUp.EAM.Samples.EAM_Default	1
Microsoft.Windows.Clusters	1
Microsoft.Windows.DHCPServer.Library.Group.IPv4Scopes	1
Microsoft.Windows.DHCPServer.Library.Group.Scopes	1
Microsoft.Windows.DHCPServer.Library.Group.Servers	1
Microsoft.Windows.DHCPServer.Library.Group.Superscopes	1
Microsoft.Windows.DNSServer.2016.AlertTargets.Group	1
Microsoft.Windows.DHCPServer.10.0.FailoverServerWatchersGroup	1
Microsoft.Windows.DHCPServer.10.0.Group.IPv4Scopes	1
Microsoft.Windows.DHCPServer.10.0.Group.IPv6Scopes	1
Microsoft.Windows.DHCPServer.10.0.Group.Servers	1
Microsoft.Windows.DHCPServer.10.0.Group.Superscopes	1
Microsoft.Windows.DHCPServer.2012.FailoverServerWatchersGroup	1
Microsoft.Windows.DHCPServer.2012.Group.IPv4Scopes	1
Microsoft.Windows.DHCPServer.2012.Group.IPv6Scopes	1
Microsoft.Windows.DHCPServer.2012.Group.Servers	1
Microsoft.Windows.DHCPServer.2012.R2.FailoverServerWatchersGroup	1
Microsoft.Windows.DHCPServer.2012.R2.Group.IPv4Scopes	1
Microsoft.Windows.DHCPServer.2012.R2.Group.IPv6Scopes	1
Microsoft.Windows.DHCPServer.2012.R2.Group.Servers	1
Microsoft.Windows.DHCPServer.2012.R2.Group.Superscopes	1
Microsoft.Windows.FileServer.DFSN.AllEntitiesGroup	1
Microsoft.Windows.FileServices.10.0.AllServers	1
Microsoft.Windows.DNSServer.Generic.Presentation.AlertTargets.Group	1
Microsoft.Windows.DNSServer.Generic.Presentation.Server.Group	1
Microsoft.Windows.DNSServer.2016.Group	1
Microsoft.Windows.DNSServer.2016.SignedZone.Group	1
Microsoft.Windows.FileServices.6.3.AllServers	1
Microsoft.Windows.FileServices.Service.iSCSITarget.10.0	1
Microsoft.Windows.FileServices.Service.iSCSITarget.6.3	1
Microsoft.Windows.FileServices.Service.WorkFolders.10.0	1
Microsoft.Windows.FileServices.Service.WorkFolders.6.3	1
Microsoft.Windows.InternetInformationServices.2008.ComputerGroup	1
Microsoft.Windows.InternetInformationServices.2008.ServerRole	1
Microsoft.Windows.InternetInformationServices.2008.ServerRoleGroup	1
Microsoft.Windows.InternetInformationServices.2008.WebServer	1
Microsoft.Windows.InternetInformationServices.10.0.LegacySMTPServer	1
Microsoft.Windows.InternetInformationServices.10.0.LegacySMTPVirtualServer	1
Microsoft.Windows.InternetInformationServices.10.0.NanoWebServerGroup	1
Microsoft.Windows.InternetInformationServices.10.0.ComputerGroup	1
Microsoft.Windows.InternetInformationServices.10.0.ServerRoleGroup	1
Microsoft.Windows.InternetInformationServices.6.2.ComputerGroup	1
Microsoft.Windows.InternetInformationServices.ComputerGroup	1
Microsoft.Windows.InternetInformationServices.InstanceGroup	1
Microsoft.Windows.InternetInformationServices.ServerRoleGroup	1
Microsoft.Windows.NetworkLoadBalancing.2008.Computers	1
Microsoft.Windows.NetworkLoadBalancing.2008.R2.Computers	1
Microsoft.Windows.NetworkLoadBalancing.2012.R2.Computers	1
Microsoft.Windows.NetworkLoadBalancing.6.2.Computers	1
Microsoft.Windows.NetworkLoadBalancing.Clusters	1
Microsoft.Windows.NetworkLoadBalancing.Computers	1
Microsoft.Windows.InternetInformationServices.6.2.FTPSite	1
Microsoft.Windows.Server.10.0.AD.DomainControllerComputerGroup	1
Microsoft.Windows.InternetInformationServices.6.2.ServerRoleGroup	1
Microsoft.Windows.Server.10.0.Nano.ComputerGroup	1
Microsoft.Windows.Server.10.0.AD.RODCGroup	1
Microsoft.Windows.Server.10.0.ComputerGroup	1
Microsoft.Windows.Server.10.0.Core.ComputerGroup	1
Microsoft.Windows.Server.10.0.Full.ComputerGroup	1