ManagedEntityTypeSystemName	DisplayName
Microsoft.SystemCenter.ADAssignmentResourcePoolWatchersGroup	AD Assignment Resource Pool
Microsoft.Windows.Server.10.0.AD.DomainControllerComputerGroup	AD Domain Controller Group (Microsoft Windows Server 2016)
Microsoft.Windows.Server.2000.AD.DomainControllerComputerGroup	AD Domain Controller Group (Windows 2000 Server)
Microsoft.Windows.Server.2003.AD.DomainControllerComputerGroup	AD Domain Controller Group (Windows 2003 Server)
Microsoft.Windows.Server.2008.AD.DomainControllerComputerGroup	AD Domain Controller Group (Windows Server 2008 and above)
Microsoft.Windows.Server.AD.ClientComputerGroup	AD Monitoring Client Computer Group
Microsoft.Windows.Server.AD.DomainMemberComputerGroup	AD Monitoring Domain Member Computer Group
System.NetworkManagement.AdvancedNetworkAdapterGroup	Advanced Network Adapters Group
Microsoft.Windows.Cluster.HostedGroup	AG1 (vn-den-sqlc3wsfc ) (vm-den-sqlc3n1)
Microsoft.Windows.Cluster.HostedGroup	AG1 (vn-den-sqlc3wsfc ) (VM-ZEP-SQLC3N2)
Microsoft.Windows.Cluster.Group	AG1 (vn-den-sqlc3wsfc)
Microsoft.Windows.Cluster.HostedGroup	AG1 (VN-DEN-WSFC4 ) (VM-DEN-SQLC4N1)
Microsoft.Windows.Cluster.HostedGroup	AG1 (VN-DEN-WSFC4 ) (VM-DEN-SQLC4N2)
Microsoft.Windows.Cluster.Group	AG1 (VN-DEN-WSFC4)
Microsoft.Windows.Cluster.HostedGroup	AG1 (VN-DV-WSFC2 ) (VM-DV-SQLC2N1)
Microsoft.Windows.Cluster.HostedGroup	AG1 (VN-DV-WSFC2 ) (VM-DV-SQLC2N2)
Microsoft.Windows.Cluster.Group	AG1 (VN-DV-WSFC2)
Microsoft.Windows.Cluster.HostedGroup	AG1 (VN-SBT-WSFC3 ) (VM-SBT-SQLC3N1)
Microsoft.Windows.Cluster.HostedGroup	AG1 (VN-SBT-WSFC3 ) (VM-SBT-SQLC3N2)
Microsoft.Windows.Cluster.Group	AG1 (VN-SBT-WSFC3)
Microsoft.Windows.Cluster.HostedGroup	AG1 (VN-SNO-WSFC2 ) (VM-SNO-SQLC2N1)
Microsoft.Windows.Cluster.HostedGroup	AG1 (VN-SNO-WSFC2 ) (VM-SNO-SQLC2N2)
Microsoft.Windows.Cluster.Group	AG1 (VN-SNO-WSFC2)
Microsoft.Windows.Cluster.HostedGroup	AG1 (VN-SOL-WSFC2 ) (vm-sol-sqlc2n1)
Microsoft.Windows.Cluster.HostedGroup	AG1 (VN-SOL-WSFC2 ) (VM-SOL-SQLC2N2)
Microsoft.Windows.Cluster.Group	AG1 (VN-SOL-WSFC2)
Microsoft.Windows.Cluster.HostedGroup	AG1 (VN-STR-WSFC2 ) (VM-STR-SQLC2N1)
Microsoft.Windows.Cluster.HostedGroup	AG1 (VN-STR-WSFC2 ) (VM-STR-SQLC2N2)
Microsoft.Windows.Cluster.Group	AG1 (VN-STR-WSFC2)
Microsoft.Windows.Cluster.HostedGroup	AG1 (VN-SUG-WSFC1 ) (VM-SUG-SQLC1N1)
Microsoft.Windows.Cluster.HostedGroup	AG1 (VN-SUG-WSFC1 ) (VM-SUG-SQLC1N2)
Microsoft.Windows.Cluster.Group	AG1 (VN-SUG-WSFC1)
Microsoft.Windows.Cluster.HostedGroup	AG1 (VN-SVAM-WSFC2 ) (VM-SVAM-SQLC2N1)
Microsoft.Windows.Cluster.Group	AG1 (VN-SVAM-WSFC2)
Microsoft.Windows.Cluster.HostedGroup	AG1 (VN-TRM-WSFC3 ) (VM-TRM-SQLC3N1)
Microsoft.Windows.Cluster.HostedGroup	AG1 (VN-TRM-WSFC3 ) (VM-TRM-SQLC3N2)
Microsoft.Windows.Cluster.Group	AG1 (VN-TRM-WSFC3)
Microsoft.Windows.Cluster.HostedGroup	AG1 (VN-WP-WSFC1 ) (VM-WP-SQLC1N1)
Microsoft.Windows.Cluster.HostedGroup	AG1 (VN-WP-WSFC1 ) (VM-WP-SQLC1N2)
Microsoft.Windows.Cluster.Group	AG1 (VN-WP-WSFC1)
Microsoft.Windows.Cluster.HostedGroup	AG2 (VN-DEN-WSFC4 ) (VM-DEN-SQLC4N1)
Microsoft.Windows.Cluster.HostedGroup	AG2 (VN-DEN-WSFC4 ) (VM-DEN-SQLC4N2)
Microsoft.Windows.Cluster.Group	AG2 (VN-DEN-WSFC4)
Microsoft.Windows.Cluster.HostedGroup	AG2 (VN-DV-WSFC2 ) (VM-DV-SQLC2N1)
Microsoft.Windows.Cluster.HostedGroup	AG2 (VN-DV-WSFC2 ) (VM-DV-SQLC2N2)
Microsoft.Windows.Cluster.Group	AG2 (VN-DV-WSFC2)
Microsoft.Windows.Cluster.HostedGroup	AG2 (VN-SBT-WSFC3 ) (VM-SBT-SQLC3N1)
Microsoft.Windows.Cluster.HostedGroup	AG2 (VN-SBT-WSFC3 ) (VM-SBT-SQLC3N2)
Microsoft.Windows.Cluster.Group	AG2 (VN-SBT-WSFC3)
Microsoft.Windows.Cluster.HostedGroup	AG2 (VN-SNO-WSFC2 ) (VM-SNO-SQLC2N1)
Microsoft.Windows.Cluster.HostedGroup	AG2 (VN-SNO-WSFC2 ) (VM-SNO-SQLC2N2)
Microsoft.Windows.Cluster.Group	AG2 (VN-SNO-WSFC2)
Microsoft.Windows.Cluster.HostedGroup	AG2 (VN-SOL-WSFC2 ) (vm-sol-sqlc2n1)
Microsoft.Windows.Cluster.HostedGroup	AG2 (VN-SOL-WSFC2 ) (VM-SOL-SQLC2N2)
Microsoft.Windows.Cluster.Group	AG2 (VN-SOL-WSFC2)
Microsoft.Windows.Cluster.HostedGroup	AG2 (VN-STR-WSFC2 ) (VM-STR-SQLC2N1)
Microsoft.Windows.Cluster.HostedGroup	AG2 (VN-STR-WSFC2 ) (VM-STR-SQLC2N2)
Microsoft.Windows.Cluster.Group	AG2 (VN-STR-WSFC2)
Microsoft.Windows.Cluster.HostedGroup	AG2 (VN-SUG-WSFC1 ) (VM-SUG-SQLC1N1)
Microsoft.Windows.Cluster.HostedGroup	AG2 (VN-SUG-WSFC1 ) (VM-SUG-SQLC1N2)
Microsoft.Windows.Cluster.Group	AG2 (VN-SUG-WSFC1)
Microsoft.Windows.Cluster.HostedGroup	AG2 (VN-SVAM-WSFC2 ) (VM-SVAM-SQLC2N1)
Microsoft.Windows.Cluster.Group	AG2 (VN-SVAM-WSFC2)
Microsoft.Windows.Cluster.HostedGroup	AG2 (VN-TRM-WSFC3 ) (VM-TRM-SQLC3N1)
Microsoft.Windows.Cluster.HostedGroup	AG2 (VN-TRM-WSFC3 ) (VM-TRM-SQLC3N2)
Microsoft.Windows.Cluster.Group	AG2 (VN-TRM-WSFC3)
Microsoft.Windows.Cluster.HostedGroup	AG2 (VN-WP-WSFC1 ) (VM-WP-SQLC1N1)
Microsoft.Windows.Cluster.HostedGroup	AG2 (VN-WP-WSFC1 ) (VM-WP-SQLC1N2)
Microsoft.Windows.Cluster.Group	AG2 (VN-WP-WSFC1)
Microsoft.SystemCenter.AgentlessExceptionMonitoring.Group	Agentless Exception Monitoring
Microsoft.SystemCenter.AgentlessManagedComputerGroup	Agentless Managed Computer Group
UINameSpace34ae7d730e2948f7b7c5dde1f4372a34.Group	AgilysysInntopia ARI
Microsoft.Windows.Client.Win10.BusinessCriticalClient.ComputerGroup	All Business Critical Windows 10 and above
Microsoft.Windows.Client.BusinessCriticalClient.ComputerGroup	All Business Critical Windows 2000/XP Clients
SquaredUp.EAM.Library.Group.AvailabilityMonitoring.AllEAMTestGroups	All EAM Availability Test Groups
Microsoft.SystemCenter.ManagementServicePoolWatchersGroup	All Management Servers Resource Pool
System.NetworkManagement.AllNetworkConnection.Group	All Network Connection Group
System.NetworkManagement.AllNetworkMonitoring.Group	All Network Monitoring Group
Microsoft.SystemCenter.AllOperationsManagerObjectsGroup	All Operations Manager Objects Group
UINameSpaced7c09daf1ab74deaa00a33d9ef8597c1.Group	All Resorts
Microsoft.SystemCenter.AllComputersGroup	All Windows Computers
Microsoft.SystemCenter.TieredManagementGroup	Alterra
Alterra.cayogaur.Computers.Group	Alterra cayogaur Computers Group
alterra.dhcp.Computers.Group	alterra dhcp Computers Group
alterra.LRythm.Computers.Group	alterra LRythm Computers Group
Alterra.RTPApp.Computers.Group	Alterra RTPApp Servers
ALTERRA.SMSINTERFACE.Computers.Group	ALTERRA SMSINTERFACE Computers Group
Alterra.SQU.Computers.Group	Alterra SQU Computers Group
UINameSpace9be9e1897a374908a5392822eea320a4.Group	Alterra Web Monitors
Alterra.cayoadm.Computers.Group	Alterracayoadm Computers Group
Microsoft.SystemCenter.TieredManagementGroup	AlterraMtnCo
UINameSpaceb075b3fe92c7452396d26f2e4e19e332.Group	Alterra-SiteGroups
UINameSpaced2d8f2c7f6044c52b52cdb98b38adddc.Group	Alterra-SMS-INTServers
SCUtils.APC.UPS.Group	APC UPS Devices Group
Microsoft.SystemCenter.Apm.ExceptionRateMonitor.Group	APM Exception Event Rate Collection Group
Microsoft.SystemCenter.Apm.AlertPerformanceAspectRule.Group	APM Performance Collection Group
Microsoft.SystemCenter.Apm.PerformanceRateMonitor.Group	APM Performance Event Rate Collection Group
Microsoft.SystemCenter.Apm.AvgRequestTimeMonitor.Group	APM Request Time Collection Group
Microsoft.SystemCenter.Apm.AlertSecurityAspectRule.Group	APM Security Failure Collection Group
Microsoft.Windows.FileServer.DFSR.ReplicationGroupMember	ARCHER (Replication Group: Domain System Volume)
Microsoft.SystemCenter.WebApplicationSolutions.WebTestGrouperByLocation	AspenWare Monitoring
Microsoft.SystemCenter.AuditCollectionService.Group	Audit Collection Services
Microsoft.Windows.Cluster.HostedGroup	Available Storage (CM-LAB-SRSWSFC1 ) (CM-LAB-SRSSQL)
Microsoft.Windows.Cluster.HostedGroup	Available Storage (CM-LAB-SRSWSFC1 ) (CM-LAB-SRSSQL2)
Microsoft.Windows.Cluster.Group	Available Storage (CM-LAB-SRSWSFC1)
Microsoft.Windows.Cluster.HostedGroup	Available Storage (cm-sql1wsfc ) (CM-SQL1N1)
Microsoft.Windows.Cluster.HostedGroup	Available Storage (cm-sql1wsfc ) (CM-SQL1N2)
Microsoft.Windows.Cluster.Group	Available Storage (cm-sql1wsfc)
Microsoft.Windows.Cluster.HostedGroup	Available Storage (n-absn-WSFC1 ) (V-ABSN-SQLC1N1)
Microsoft.Windows.Cluster.HostedGroup	Available Storage (n-absn-WSFC1 ) (v-absn-sqlc1n2)
Microsoft.Windows.Cluster.Group	Available Storage (n-absn-WSFC1)
Microsoft.Windows.Cluster.HostedGroup	Available Storage (n-dba-wsfc1 ) (V-DBA-SQLC1N1)
Microsoft.Windows.Cluster.HostedGroup	Available Storage (n-dba-wsfc1 ) (V-DBA-SQLC1N2)
Microsoft.Windows.Cluster.Group	Available Storage (n-dba-wsfc1)
Microsoft.Windows.Cluster.HostedGroup	Available Storage (n-sol-wsfc3 ) (V-SOL-SQLC3N1)
Microsoft.Windows.Cluster.HostedGroup	Available Storage (n-sol-wsfc3 ) (V-SOL-SQLC3N2)
Microsoft.Windows.Cluster.Group	Available Storage (n-sol-wsfc3)
Microsoft.Windows.Cluster.HostedGroup	Available Storage (V1CLUSTER ) (MSA-V1-A)
Microsoft.Windows.Cluster.HostedGroup	Available Storage (V1CLUSTER ) (MSA-V1-B)
Microsoft.Windows.Cluster.Group	Available Storage (V1CLUSTER)
Microsoft.Windows.Cluster.HostedGroup	Available Storage (vn-bmr-wsfc1 ) (vm-bmr-sqlc1n1)
Microsoft.Windows.Cluster.HostedGroup	Available Storage (vn-bmr-wsfc1 ) (vm-bmr-sqlc1n2)
Microsoft.Windows.Cluster.Group	Available Storage (vn-bmr-wsfc1)
Microsoft.Windows.Cluster.HostedGroup	Available Storage (vn-bmr-wsfc2 ) (VM-BMR-SQLC2N1)
Microsoft.Windows.Cluster.HostedGroup	Available Storage (vn-bmr-wsfc2 ) (VM-BMR-SQLC2N2)
Microsoft.Windows.Cluster.Group	Available Storage (vn-bmr-wsfc2)
Microsoft.Windows.Cluster.HostedGroup	Available Storage (VN-DED-SQLC2 ) (VM-DED-SQLC2N2)
Microsoft.Windows.Cluster.Group	Available Storage (VN-DED-SQLC2)
Microsoft.Windows.Cluster.HostedGroup	Available Storage (VN-DEN-SQLC1 ) (VM-DEN-SQLC1N1)
Microsoft.Windows.Cluster.HostedGroup	Available Storage (VN-DEN-SQLC1 ) (VM-DEN-SQLC1N2)
Microsoft.Windows.Cluster.Group	Available Storage (VN-DEN-SQLC1)
Microsoft.Windows.Cluster.HostedGroup	Available Storage (vn-den-sqlc3wsfc ) (vm-den-sqlc3n1)
Microsoft.Windows.Cluster.HostedGroup	Available Storage (vn-den-sqlc3wsfc ) (VM-ZEP-SQLC3N2)
Microsoft.Windows.Cluster.Group	Available Storage (vn-den-sqlc3wsfc)
Microsoft.Windows.Cluster.HostedGroup	Available Storage (VN-DEN-WSFC4 ) (VM-DEN-SQLC4N1)
Microsoft.Windows.Cluster.HostedGroup	Available Storage (VN-DEN-WSFC4 ) (VM-DEN-SQLC4N2)
Microsoft.Windows.Cluster.Group	Available Storage (VN-DEN-WSFC4)
Microsoft.Windows.Cluster.HostedGroup	Available Storage (VN-DV-WSFC2 ) (VM-DV-SQLC2N1)
Microsoft.Windows.Cluster.HostedGroup	Available Storage (VN-DV-WSFC2 ) (VM-DV-SQLC2N2)
Microsoft.Windows.Cluster.Group	Available Storage (VN-DV-WSFC2)
Microsoft.Windows.Cluster.HostedGroup	Available Storage (vn-mm-wsfc2 ) (srv-mm-sqlc2n1)
Microsoft.Windows.Cluster.HostedGroup	Available Storage (vn-mm-wsfc2 ) (srv-mm-sqlc2n2)
Microsoft.Windows.Cluster.HostedGroup	Available Storage (vn-mm-wsfc2 ) (srv-mm-sqlc2n3)
Microsoft.Windows.Cluster.Group	Available Storage (vn-mm-wsfc2)
Microsoft.Windows.Cluster.HostedGroup	Available Storage (VN-SBT-SQLC2 ) (VM-SBT-SQLC2N1)
Microsoft.Windows.Cluster.HostedGroup	Available Storage (VN-SBT-SQLC2 ) (VM-SBT-SQLC2N2)
Microsoft.Windows.Cluster.Group	Available Storage (VN-SBT-SQLC2)
Microsoft.Windows.Cluster.HostedGroup	Available Storage (VN-SBT-WSFC3 ) (VM-SBT-SQLC3N1)
Microsoft.Windows.Cluster.HostedGroup	Available Storage (VN-SBT-WSFC3 ) (VM-SBT-SQLC3N2)
Microsoft.Windows.Cluster.Group	Available Storage (VN-SBT-WSFC3)
Microsoft.Windows.Cluster.HostedGroup	Available Storage (vn-schw-wsfc1 ) (vm-schw-sqlc1n1)
Microsoft.Windows.Cluster.HostedGroup	Available Storage (vn-schw-wsfc1 ) (VM-SCHW-SQLC1N2)
Microsoft.Windows.Cluster.Group	Available Storage (vn-schw-wsfc1)
Microsoft.Windows.Cluster.HostedGroup	Available Storage (VN-SNO-WSFC2 ) (VM-SNO-SQLC2N1)
Microsoft.Windows.Cluster.HostedGroup	Available Storage (VN-SNO-WSFC2 ) (VM-SNO-SQLC2N2)
Microsoft.Windows.Cluster.Group	Available Storage (VN-SNO-WSFC2)
Microsoft.Windows.Cluster.HostedGroup	Available Storage (VN-SOL-WSFC2 ) (vm-sol-sqlc2n1)
Microsoft.Windows.Cluster.HostedGroup	Available Storage (VN-SOL-WSFC2 ) (VM-SOL-SQLC2N2)
Microsoft.Windows.Cluster.Group	Available Storage (VN-SOL-WSFC2)
Microsoft.Windows.Cluster.HostedGroup	Available Storage (VN-STR-WSFC2 ) (VM-STR-SQLC2N1)
Microsoft.Windows.Cluster.HostedGroup	Available Storage (VN-STR-WSFC2 ) (VM-STR-SQLC2N2)
Microsoft.Windows.Cluster.Group	Available Storage (VN-STR-WSFC2)
Microsoft.Windows.Cluster.HostedGroup	Available Storage (VN-SUG-WSFC1 ) (VM-SUG-SQLC1N1)
Microsoft.Windows.Cluster.HostedGroup	Available Storage (VN-SUG-WSFC1 ) (VM-SUG-SQLC1N2)
Microsoft.Windows.Cluster.Group	Available Storage (VN-SUG-WSFC1)
Microsoft.Windows.Cluster.HostedGroup	Available Storage (VN-SVAM-WSFC2 ) (VM-SVAM-SQLC2N1)
Microsoft.Windows.Cluster.Group	Available Storage (VN-SVAM-WSFC2)
Microsoft.Windows.Cluster.HostedGroup	Available Storage (VN-TRM-WSFC3 ) (VM-TRM-SQLC3N1)
Microsoft.Windows.Cluster.HostedGroup	Available Storage (VN-TRM-WSFC3 ) (VM-TRM-SQLC3N2)
Microsoft.Windows.Cluster.Group	Available Storage (VN-TRM-WSFC3)
Microsoft.Windows.Cluster.HostedGroup	Available Storage (VN-WP-WSFC1 ) (VM-WP-SQLC1N1)
Microsoft.Windows.Cluster.HostedGroup	Available Storage (VN-WP-WSFC1 ) (VM-WP-SQLC1N2)
Microsoft.Windows.Cluster.Group	Available Storage (VN-WP-WSFC1)
Microsoft.Windows.FileServer.DFSR.ReplicationGroup	Axess Photos
Microsoft.Windows.FileServer.DFSR.ReplicationGroup	Axess Photos
Microsoft.Windows.FileServer.DFSR.ReplicationGroup	Axess Photos
Microsoft.Windows.FileServer.DFSR.ReplicationGroup	AxessPhotos
UINameSpace9bf4344cbe184e9c9a0b5d4426b029ce.Group	BBMR
UINameSpace6f28c3cc0911474d8f926841a953a4b8.Group	BBMR
UINameSpace2b9a99e671534190bb2852b0716495e2.Group	BBMR Rentals
UINameSpace9b4cf56b8c9e4b03a4f8ca2d7141f69c.Group	BBMR Servers
UINameSpace282f89c1519541338e4523fa6ab6f296.Group	BBMRAlertingServers
UINameSpace8ca6e768ed5144fd8bc9b5c6292397c7.Group	BBMR-AllServers
Microsoft.Windows.FileServer.DFSR.ReplicationGroupMember	BBMRDC1-2019 (Replication Group: Domain System Volume)
Microsoft.Windows.FileServer.DFSR.ReplicationGroupMember	BBMRDC1-2022 (Replication Group: Domain System Volume)
Microsoft.Windows.FileServer.DFSR.ReplicationGroupMember	BBMRDC3-2022 (Replication Group: Domain System Volume)
UINameSpace6d5d90cf049e4549815f8b348b5f3c23.Group	BBMR-HSW
UINameSpace80ef7ce4396a4f8a9bbb1124f495124a.Group	Blue Mountain
UINameSpacefdf61e01304e4c8dbb21ea9a0df96bea.Group	Blue Mountain Servers
UINameSpace2f585019fff94fef8b2c34fde3c75fcd.Group	BMR SMS Servers
Microsoft.Windows.Cluster.HostedGroup	bmr-sqlc1-ag1 (vn-bmr-wsfc1 ) (vm-bmr-sqlc1n1)
Microsoft.Windows.Cluster.HostedGroup	bmr-sqlc1-ag1 (vn-bmr-wsfc1 ) (vm-bmr-sqlc1n2)
Microsoft.Windows.Cluster.Group	bmr-sqlc1-ag1 (vn-bmr-wsfc1)
Microsoft.Windows.FileServer.DFSR.ReplicationGroupMember	BMSV-DC01 (Replication Group: Domain System Volume)
Microsoft.Windows.FileServer.DFSR.ReplicationGroupMember	BMSV-DC02 (Replication Group: Domain System Volume)
SystemCenterCentral.Utilities.Certificates.RootCertificateStoreGroup	CA Certificate Stores Group
SystemCenterCentral.Utilities.Certificates.CAGroup	CA Certificates Group
Microsoft.SystemCenter.WebApplicationSolutions.WebTestGrouperByLocation	Cayosoft Admin Web
UINameSpacecdc57ef23af1423da26a8d1e6fecaa87.Group	Cayosoft Guardian
Microsoft.Windows.CertificateServices.CARoleGroup	Certificate Services Group
SystemCenterCentral.Utilities.Certificates.RequiredWindowsCertificatesGroup	Certificates and CRLs required by Windows Group
UINameSpacee8c43356406e428f89a95f7b2ea094a6.Group	Citrix Va Servers
Microsoft.Exchange.15.Organization.CAServers.InstanceGroup	Client Access Servers in BBMR
Microsoft.Exchange.15.Organization.CAServers.InstanceGroup	Client Access Servers in INTRAWEST
Microsoft.Exchange.15.Organization.CAServers.InstanceGroup	Client Access Servers in MMSA
Microsoft.SystemCenter.CM.ClientMonitoringGroup	Client Monitoring Data Group
Microsoft.Windows.Cluster.HostedGroup	Cluster Group (CM-LAB-SRSWSFC1 ) (CM-LAB-SRSSQL)
Microsoft.Windows.Cluster.HostedGroup	Cluster Group (CM-LAB-SRSWSFC1 ) (CM-LAB-SRSSQL2)
Microsoft.Windows.Cluster.Group	Cluster Group (CM-LAB-SRSWSFC1)
Microsoft.Windows.Cluster.HostedGroup	Cluster Group (cm-sql1wsfc ) (CM-SQL1N1)
Microsoft.Windows.Cluster.HostedGroup	Cluster Group (cm-sql1wsfc ) (CM-SQL1N2)
Microsoft.Windows.Cluster.Group	Cluster Group (cm-sql1wsfc)
Microsoft.Windows.Cluster.HostedGroup	Cluster Group (n-absn-WSFC1 ) (V-ABSN-SQLC1N1)
Microsoft.Windows.Cluster.HostedGroup	Cluster Group (n-absn-WSFC1 ) (v-absn-sqlc1n2)
Microsoft.Windows.Cluster.Group	Cluster Group (n-absn-WSFC1)
Microsoft.Windows.Cluster.HostedGroup	Cluster Group (n-dba-wsfc1 ) (V-DBA-SQLC1N1)
Microsoft.Windows.Cluster.HostedGroup	Cluster Group (n-dba-wsfc1 ) (V-DBA-SQLC1N2)
Microsoft.Windows.Cluster.Group	Cluster Group (n-dba-wsfc1)
Microsoft.Windows.Cluster.HostedGroup	Cluster Group (n-sol-wsfc3 ) (V-SOL-SQLC3N1)
Microsoft.Windows.Cluster.HostedGroup	Cluster Group (n-sol-wsfc3 ) (V-SOL-SQLC3N2)
Microsoft.Windows.Cluster.Group	Cluster Group (n-sol-wsfc3)
Microsoft.Windows.Cluster.HostedGroup	Cluster Group (V1CLUSTER ) (MSA-V1-A)
Microsoft.Windows.Cluster.HostedGroup	Cluster Group (V1CLUSTER ) (MSA-V1-B)
Microsoft.Windows.Cluster.Group	Cluster Group (V1CLUSTER)
Microsoft.Windows.Cluster.HostedGroup	Cluster Group (vn-bmr-wsfc1 ) (vm-bmr-sqlc1n1)
Microsoft.Windows.Cluster.HostedGroup	Cluster Group (vn-bmr-wsfc1 ) (vm-bmr-sqlc1n2)
Microsoft.Windows.Cluster.Group	Cluster Group (vn-bmr-wsfc1)
Microsoft.Windows.Cluster.HostedGroup	Cluster Group (vn-bmr-wsfc2 ) (VM-BMR-SQLC2N1)
Microsoft.Windows.Cluster.HostedGroup	Cluster Group (vn-bmr-wsfc2 ) (VM-BMR-SQLC2N2)
Microsoft.Windows.Cluster.Group	Cluster Group (vn-bmr-wsfc2)
Microsoft.Windows.Cluster.HostedGroup	Cluster Group (VN-DED-SQLC2 ) (VM-DED-SQLC2N2)
Microsoft.Windows.Cluster.Group	Cluster Group (VN-DED-SQLC2)
Microsoft.Windows.Cluster.HostedGroup	Cluster Group (VN-DEN-SQLC1 ) (VM-DEN-SQLC1N1)
Microsoft.Windows.Cluster.HostedGroup	Cluster Group (VN-DEN-SQLC1 ) (VM-DEN-SQLC1N2)
Microsoft.Windows.Cluster.Group	Cluster Group (VN-DEN-SQLC1)
Microsoft.Windows.Cluster.HostedGroup	Cluster Group (vn-den-sqlc3wsfc ) (vm-den-sqlc3n1)
Microsoft.Windows.Cluster.HostedGroup	Cluster Group (vn-den-sqlc3wsfc ) (VM-ZEP-SQLC3N2)
Microsoft.Windows.Cluster.Group	Cluster Group (vn-den-sqlc3wsfc)
Microsoft.Windows.Cluster.HostedGroup	Cluster Group (VN-DEN-WSFC4 ) (VM-DEN-SQLC4N1)
Microsoft.Windows.Cluster.HostedGroup	Cluster Group (VN-DEN-WSFC4 ) (VM-DEN-SQLC4N2)
Microsoft.Windows.Cluster.Group	Cluster Group (VN-DEN-WSFC4)
Microsoft.Windows.Cluster.HostedGroup	Cluster Group (VN-DV-WSFC2 ) (VM-DV-SQLC2N1)
Microsoft.Windows.Cluster.HostedGroup	Cluster Group (VN-DV-WSFC2 ) (VM-DV-SQLC2N2)
Microsoft.Windows.Cluster.Group	Cluster Group (VN-DV-WSFC2)
Microsoft.Windows.Cluster.HostedGroup	Cluster Group (vn-mm-wsfc2 ) (srv-mm-sqlc2n1)
Microsoft.Windows.Cluster.HostedGroup	Cluster Group (vn-mm-wsfc2 ) (srv-mm-sqlc2n2)
Microsoft.Windows.Cluster.HostedGroup	Cluster Group (vn-mm-wsfc2 ) (srv-mm-sqlc2n3)
Microsoft.Windows.Cluster.Group	Cluster Group (vn-mm-wsfc2)
Microsoft.Windows.Cluster.HostedGroup	Cluster Group (VN-SBT-SQLC2 ) (VM-SBT-SQLC2N1)
Microsoft.Windows.Cluster.HostedGroup	Cluster Group (VN-SBT-SQLC2 ) (VM-SBT-SQLC2N2)
Microsoft.Windows.Cluster.Group	Cluster Group (VN-SBT-SQLC2)
Microsoft.Windows.Cluster.HostedGroup	Cluster Group (VN-SBT-WSFC3 ) (VM-SBT-SQLC3N1)
Microsoft.Windows.Cluster.HostedGroup	Cluster Group (VN-SBT-WSFC3 ) (VM-SBT-SQLC3N2)
Microsoft.Windows.Cluster.Group	Cluster Group (VN-SBT-WSFC3)
Microsoft.Windows.Cluster.HostedGroup	Cluster Group (vn-schw-wsfc1 ) (vm-schw-sqlc1n1)
Microsoft.Windows.Cluster.HostedGroup	Cluster Group (vn-schw-wsfc1 ) (VM-SCHW-SQLC1N2)
Microsoft.Windows.Cluster.Group	Cluster Group (vn-schw-wsfc1)
Microsoft.Windows.Cluster.HostedGroup	Cluster Group (VN-SNO-WSFC2 ) (VM-SNO-SQLC2N1)
Microsoft.Windows.Cluster.HostedGroup	Cluster Group (VN-SNO-WSFC2 ) (VM-SNO-SQLC2N2)
Microsoft.Windows.Cluster.Group	Cluster Group (VN-SNO-WSFC2)
Microsoft.Windows.Cluster.HostedGroup	Cluster Group (VN-SOL-WSFC2 ) (vm-sol-sqlc2n1)
Microsoft.Windows.Cluster.HostedGroup	Cluster Group (VN-SOL-WSFC2 ) (VM-SOL-SQLC2N2)
Microsoft.Windows.Cluster.Group	Cluster Group (VN-SOL-WSFC2)
Microsoft.Windows.Cluster.HostedGroup	Cluster Group (VN-STR-WSFC2 ) (VM-STR-SQLC2N1)
Microsoft.Windows.Cluster.HostedGroup	Cluster Group (VN-STR-WSFC2 ) (VM-STR-SQLC2N2)
Microsoft.Windows.Cluster.Group	Cluster Group (VN-STR-WSFC2)
Microsoft.Windows.Cluster.HostedGroup	Cluster Group (VN-SUG-WSFC1 ) (VM-SUG-SQLC1N1)
Microsoft.Windows.Cluster.HostedGroup	Cluster Group (VN-SUG-WSFC1 ) (VM-SUG-SQLC1N2)
Microsoft.Windows.Cluster.Group	Cluster Group (VN-SUG-WSFC1)
Microsoft.Windows.Cluster.HostedGroup	Cluster Group (VN-SVAM-WSFC2 ) (VM-SVAM-SQLC2N1)
Microsoft.Windows.Cluster.Group	Cluster Group (VN-SVAM-WSFC2)
Microsoft.Windows.Cluster.HostedGroup	Cluster Group (VN-TRM-WSFC3 ) (VM-TRM-SQLC3N1)
Microsoft.Windows.Cluster.HostedGroup	Cluster Group (VN-TRM-WSFC3 ) (VM-TRM-SQLC3N2)
Microsoft.Windows.Cluster.Group	Cluster Group (VN-TRM-WSFC3)
Microsoft.Windows.Cluster.HostedGroup	Cluster Group (VN-WP-WSFC1 ) (VM-WP-SQLC1N1)
Microsoft.Windows.Cluster.HostedGroup	Cluster Group (VN-WP-WSFC1 ) (VM-WP-SQLC1N2)
Microsoft.Windows.Cluster.Group	Cluster Group (VN-WP-WSFC1)
Microsoft.Windows.Cluster.NodeRole.Group	Cluster Roles
Microsoft.Windows.FileServer.DFSR.ReplicationGroupMember	CMDC01 (Replication Group: Domain System Volume)
Microsoft.Windows.FileServer.DFSR.ReplicationGroupMember	CMDC02 (Replication Group: Domain System Volume)
Microsoft.Windows.FileServer.DFSR.ReplicationGroupMember	CMDC03 (Replication Group: Domain System Volume)
UINameSpacefe35ed19b5d449de9ffbcd92adefd688.Group	CMH
UINameSpace42aacaa4b64f424195cff46c3f20356e.Group	CMH Servers
Microsoft.Windows.FileServer.DFSR.ReplicationGroupMember	CMHDC03 (Replication Group: Domain System Volume)
Microsoft.Windows.FileServer.DFSR.ReplicationGroupMember	CMHDC06 (Replication Group: Domain System Volume)
Microsoft.Windows.FileServer.DFSR.ReplicationGroupMember	CMHDC07 (Replication Group: Domain System Volume)
Microsoft.Windows.FileServer.DFSR.ReplicationGroupMember	CMHDC08 (Replication Group: Domain System Volume)
UINameSpacede4b4d057fea4178ab93e8cb2d8c4e43.Group	Config Mgr Groups
Microsoft.SystemCenter2012.ConfigurationManager.CentralSiteComputerGroup	ConfigMgr Central Site Servers Computer Group
Microsoft.SystemCenter2012.ConfigurationManager.ClientsComputerGroup	ConfigMgr Client Computers Computer Group
Microsoft.SystemCenter2012.ConfigurationManager.DeviceManagementPointsComputerGroup	ConfigMgr Device Management Points Computer Group
Microsoft.SystemCenter2012.ConfigurationManager.DistributionPointsComputerGroup	ConfigMgr Distribution Points Computer Group
Microsoft.SystemCenter2012.ConfigurationManager.HierarchyComputerGroup	ConfigMgr Hierarchy - ENT
Microsoft.SystemCenter2012.ConfigurationManager.ManagementPointsComputerGroup	ConfigMgr Management Point Servers Computer Group
Microsoft.SystemCenter2012.ConfigurationManager.PrimarySiteComputerGroup	ConfigMgr Primary Site Servers Computer Group
Microsoft.SystemCenter2012.ConfigurationManager.PxeServicePointsComputerGroup	ConfigMgr PXE Service Point Servers Computer Group
Microsoft.SystemCenter2012.ConfigurationManager.SecondarySiteComputerGroup	ConfigMgr Secondary Site Servers Computer Group
Microsoft.SystemCenter2012.ConfigurationManager.ServersComputerGroup	ConfigMgr Servers Computer Group
Microsoft.SystemCenter2012.ConfigurationManager.SiteServerComputerGroup	ConfigMgr Site Servers Computer Group
Microsoft.SystemCenter2012.ConfigurationManager.SoftwareUpdatePointsComputerGroup	ConfigMgr Software Update Points Computer Group
Microsoft.SystemCenter2012.ConfigurationManager.StateMigrationPointsComputerGroup	ConfigMgr State Migration Points Computer Group
Microsoft.SystemCenter2012.ConfigurationManager.SystemHealthValidatorComputerGroup	ConfigMgr System Health Validators Computer Group
System.NetworkManagement.CriticalNetworkAdapterGroup	Critical Network Adapters Group
UINameSpacea9029490122041c3a9209c7c7da9ed81.Group	Crystal
UINameSpacee5077c5bfdfe4ec28b99e1346152525c.Group	Crystal - SiriuswareMonitoring
UINameSpace455904ea014a4a969ca1518eb5b29d0d.Group	Crystal Servers
UINameSpace0b9df7f667214172a6ed4a5d1a1a3a00.Group	Crystal-Siriusware-MW Servers
UINameSpace7339070efe8943b0931a7d0fe3bbb49d.Group	Crystal-Sirusware-Rental
SystemCenterCentral.Utilities.Certificates.CurrentCRLsGroup	Current CRLs Group
UINameSpace0d5c7c5968544cfe802d197490931426.Group	Custom Process Monitoring
Microsoft.SystemCenter.ManagementDataAccessServiceGroup	Data Access Service Group
Microsoft.SystemCenter.OpsMgrDWWatchersGroup	Data Warehouse Database
Microsoft.SystemCenter.DataBaseGroup	Databases
Microsoft.Windows.FileServer.DFSR.ReplicationGroupMember	DC1R2 (Replication Group: Domain System Volume)
UINameSpacec58f3ee34a1a41408d3dde5e88859364.Group	Deer Valley
UINameSpace836a315e35f0461faded4f1cf67ddf84.Group	Deer Valley Servers
UINameSpace8382d1a181c84d2fa8825d6011cc7027.Group	DEV Servers
Microsoft.Windows.DHCPServer.2012.Group.IPv4Scopes	DHCP 2012 IPv4 Scopes
Microsoft.Windows.DHCPServer.2012.Group.IPv6Scopes	DHCP 2012 IPv6 Scopes
Microsoft.Windows.DHCPServer.2012.R2.Group.IPv4Scopes	DHCP 2012 R2 IPv4 Scopes
Microsoft.Windows.DHCPServer.2012.R2.Group.IPv6Scopes	DHCP 2012 R2 IPv6 Scopes
Microsoft.Windows.DHCPServer.2012.R2.Group.Servers	DHCP 2012 R2 Servers
Microsoft.Windows.DHCPServer.2012.R2.Group.Superscopes	DHCP 2012 R2 Super Scopes
Microsoft.Windows.DHCPServer.2012.Group.Servers	DHCP 2012 Servers
Microsoft.Windows.DHCPServer.10.0.Group.IPv4Scopes	DHCP 2016 and above IPv4 Scopes
Microsoft.Windows.DHCPServer.10.0.Group.IPv6Scopes	DHCP 2016 and above IPv6 Scopes
Microsoft.Windows.DHCPServer.10.0.Group.Servers	DHCP 2016 and above Servers
Microsoft.Windows.DHCPServer.10.0.Group.Superscopes	DHCP 2016 and above Super Scopes
UINameSpace1bc8d926ec2c4e1eaf55ac05a0dc4415.Group	DHCP Groups
Microsoft.Windows.DHCPServer.Library.Group.IPv4Scopes	DHCP IPv4 Scopes
Microsoft.Windows.DHCPServer.Library.Group.Scopes	DHCP Scopes
Microsoft.Windows.DHCPServer.Library.Group.Servers	DHCP Servers
Microsoft.Windows.DHCPServer.Library.Group.Superscopes	DHCP Superscopes
Microsoft.Windows.Server.DNS.Server.2003.Group	DNS 2003 Servers
Microsoft.Windows.Server.DNS.Server.2008R2.Group	DNS 2008 R2 Servers
Microsoft.Windows.Server.DNS.Server.2008.Group	DNS 2008 Servers
Microsoft.Windows.Server.DNS.Server.2012R2.Group	DNS 2012 R2 Servers
Microsoft.Windows.Server.DNS.Server.2012.Group	DNS 2012 Servers
Microsoft.Windows.DNSServer.2016.Group	DNS 2016 and 1709+ Servers
UINameSpace3750baa7b1cd48f491a5b636598bee1e.Group	DNS Groups
UINameSpacec848f8865ff340dbb8e9db3ada4729ac.Group	Document Routing Agent
Microsoft.Windows.FileServer.DFSR.ReplicationGroup	Domain System Volume
Microsoft.Windows.FileServer.DFSR.ReplicationGroup	Domain System Volume
Microsoft.Windows.FileServer.DFSR.ReplicationGroup	Domain System Volume
Microsoft.Windows.FileServer.DFSR.ReplicationGroup	Domain System Volume
Microsoft.Windows.FileServer.DFSR.ReplicationGroup	Domain System Volume
Microsoft.Windows.FileServer.DFSR.ReplicationGroup	Domain System Volume
Microsoft.Windows.FileServer.DFSR.ReplicationGroup	Domain System Volume
Microsoft.Windows.FileServer.DFSR.ReplicationGroup	Domain System Volume
Microsoft.Windows.FileServer.DFSR.ReplicationGroup	Domain System Volume
Microsoft.Windows.FileServer.DFSR.ReplicationGroup	Domain System Volume
Microsoft.Windows.FileServer.DFSR.ReplicationGroup	Domain System Volume
Microsoft.Windows.FileServer.DFSR.ReplicationGroup	Domain System Volume
UINameSpaced25e6237c67d4b5c90d8a30a4cb5167d.Group	DV Orion APE
Microsoft.Windows.FileServer.DFSR.ReplicationGroupMember	DV-DC03P (Replication Group: Domain System Volume)
UINameSpace95739e58085846868af16632cfc1c77a.Group	Enterprise
UINameSpace6ce573e529d443e29c38aee56fba8a31.Group	Enterprise Servers - Critical
UINameSpace5676201573284d6886fbd2ef559d57fb.Group	ent-sys Linux Servers
Microsoft.Exchange.15.ClientAccessServers.InstanceGroup	Exchange 2013 and above Client Access Servers Group
Microsoft.Exchange.15.ClientAccessServersInClientAccessArray.InstanceGroup	Exchange 2013 and above Client Access Servers Group (Client Access Array members)
Microsoft.Exchange.15.EdgeTransportServers.InstanceGroup	Exchange 2013 and above Edge Transport Servers Group
Microsoft.Exchange.15.MailboxServers.InstanceGroup	Exchange 2013 and above Mailbox Servers Group
Microsoft.Exchange.15.MailboxServersInDatabaseAvailabilityGroup.InstanceGroup	Exchange 2013 and above Mailbox Servers Group (Database Availability Group members)
Microsoft.Exchange.15.Organizations.InstanceGroup	Exchange 2013 and above Organizations Group
Microsoft.Exchange.15.RemoteMonitoring.InstanceGroup	Exchange 2013 and above Remote Monitoring Health Sets Group
Microsoft.Exchange.15.Objects.InstanceGroup	Exchange 2013 Objects Group
UINameSpace47725a078ea04d69b2d4908e7c9fac6d.Group	Exchange Groups
SystemCenterCentral.Utilities.Certificates.ExpiredCertificatesGroup	Expired Certificates Group
SystemCenterCentral.Utilities.Certificates.SoonToExpireCertificatesGroup	Expiring Certificates Group
Microsoft.SystemCenter.WebApplicationSolutions.WebTestGrouperByLocation	Flaik.com
Microsoft.Windows.DNSServer.Generic.Presentation.AlertTargets.Group	Generic group that contains alerts from DNS Server objects
Microsoft.Windows.DNSServer.Generic.Presentation.Server.Group	Generic group that contains DNS Server of different versions
Microsoft.Windows.FileServer.DFSN.AllEntitiesGroup	Group of all DFS Namespaces Entities
System.NetworkManagement.MonitoredAdapters.Group	Group of all network interfaces being actively monitored
UINameSpace8fd7397240f64896adbf620f6b28d4b9.Group	Health Service - Stopping issues
UINameSpace441b0494690140edb41257aa31f676ad.Group	IgnitePI
Microsoft.Windows.InternetInformationServices.10.0.ComputerGroup	IIS 10 Computer Group
Microsoft.Windows.InternetInformationServices.10.0.NanoWebServerGroup	IIS 10 Nano Web Server Group
Microsoft.Windows.InternetInformationServices.10.0.ServerRoleGroup	IIS 10 Server Role Instance Group
Microsoft.Windows.InternetInformationServices.2008.ComputerGroup	IIS 7.0 Computer Group
Microsoft.Windows.InternetInformationServices.2008.ServerRoleGroup	IIS 7.0 Server Role Instance Group
Microsoft.Windows.InternetInformationServices.6.2.ComputerGroup	IIS 8 Computer Group
Microsoft.Windows.InternetInformationServices.6.2.ServerRoleGroup	IIS 8 Server Role Instance Group
UINameSpaced4bbcb1a67d74ca3aefef15af513eede.Group	IIS Alerts - Critical - All
UINameSpaced5c229fc0feb486f89f467000624369c.Group	IIS Alerts - Critical - BMR
UINameSpace07610da8147c4ee884462491bdfd015d.Group	IIS Alerts - Exclude from Alerting
UINameSpace579d377eed514df685cf11c739200765.Group	IIS Alerts - IKON .NET and Default App Pools
UINameSpace1ead4e93895248948d629b27555c835f.Group	IIS Alerts - Noisy Servers
Microsoft.Windows.InternetInformationServices.ComputerGroup	IIS Computer Group
UINameSpace5c74a789747c4203a1199d4719821b29.Group	IIS Groups
Microsoft.Windows.InternetInformationServices.InstanceGroup	IIS Instance Group
Microsoft.Windows.InternetInformationServices.ServerRoleGroup	IIS Server Group
UINameSpace6b03a89383f54b90a1d4f0876ddc379c.Group	IKON Appliance Servers - IKON
UINameSpacee1eaea77b5574db2836cc294d280a5d3.Group	IKON Appliance Servers - Other
UINameSpacea3cdd1fc86b547a9b4c7635e729963b5.Group	IKON Appliance Servers - UATIKON
UINameSpace6e249da4bb26430892ce6bfe9075ccae.Group	IKON Applicance Servers - All
UINameSpace0fc2eda1bafc40cabeec995e3eb802a4.Group	Ikon Boyn
UINameSpace190fb6a02f2540efb4ba2e3a7e6e408c.Group	IKON Infrastructure
UINameSpacefd014e331bfd4d268604d013d25ebbb6.Group	IKON SQL Servers
Microsoft.SystemCenter.WebApplicationSolutions.WebTestGrouperByLocation	Imperva (Sitecore CDN + WAF)
UINameSpace43f4917a189a402aac158a5e000bbbe4.Group	Informatica
Microsoft.SystemCenter.Infrastructure.Group	Infrastructure Group
Microsoft.SystemCenter.WebApplicationSolutions.WebTestGrouperByLocation	Inntopia
SystemCenterCentral.Utilities.Certificates.InvalidCertificatesGroup	Invalid Certificates Group
Microsoft.Linux.ComputerGroup	Linux Computer Group
UINameSpace3ffac703062e42d9b29ef8b08711a4e6.Group	LogRhythm
Microsoft.Exchange.15.Organization.MbxServers.InstanceGroup	Mailbox Servers in BBMR
Microsoft.Exchange.15.Organization.MbxServers.InstanceGroup	Mailbox Servers in INTRAWEST
Microsoft.Exchange.15.Organization.MbxServers.InstanceGroup	Mailbox Servers in MMSA
UINameSpacef574362d3b0241e3a6af1080d6fb8798.Group	Mammoth
System.NetworkManagement.UserNetworkAdapterGroup	Managed Computer Network Adapters Group
Microsoft.SystemCenter.ManagementConfigurationServiceGroup	Management Configuration Service Group
UINameSpace08f1567851944fe6acb8ed1412c85a1c.Group	Microsoft Dynamics 365 Document Routing Service
Microsoft.SystemCenter.Advisor.Library.ServerOptInOutGroup	Microsoft System Center Advisor Monitoring Server Group
Microsoft.Windows.DHCPServer.2012.FailoverServerWatchersGroup	Microsoft Windows DHCP Server 2012 Failover Relationship Group
Microsoft.Windows.DHCPServer.2012.R2.FailoverServerWatchersGroup	Microsoft Windows DHCP Server 2012 R2 Failover Relationship Group
Microsoft.Windows.DHCPServer.10.0.FailoverServerWatchersGroup	Microsoft Windows DHCP Server 2016 and above Failover Relationship Group
Microsoft.Windows.DNSServer.2016.AlertTargets.Group	Microsoft Windows Server DNS 2016 and 1709+ Objects Group
Microsoft.SystemCenter.HealthServiceWatchersGroup	Microsoft.SystemCenter.AgentWatchersGroup
Microsoft.SystemCenter.HealthServiceWatchersGroup	Microsoft.SystemCenter.CollectionManagementServerWatcherGroup
Microsoft.SystemCenter.HealthServiceWatchersGroup	Microsoft.SystemCenter.GatewayManagementServerWatchersGroup
UINameSpace08d259b2958e4fbba16174f1db35f5a3.Group	MM - MSA-LOCKS
UINameSpaceb5e84a61e484480182ce76a263cc8562.Group	MMSA  - Winretail
Microsoft.SystemCenter.WebApplicationSolutions.WebTestGrouperByLocation	MMSA - E-Commerce API Web Service
Microsoft.SystemCenter.WebApplicationSolutions.WebTestGrouperByLocation	MMSA - E-Commerce API Web Service - ProtoBase HealthCheck
Microsoft.SystemCenter.WebApplicationSolutions.WebTestGrouperByLocation	MMSA - E-Commerce API Web Service - Sirius HealthCheck
Microsoft.SystemCenter.WebApplicationSolutions.WebTestGrouperByLocation	MMSA - E-Commerce API Web Service - V1 HealthCheck
UINameSpacef41f2dde463e4ae180a8ddeaa85551f5.Group	MMSA - e-Commerce Sales Host Servers
Microsoft.SystemCenter.WebApplicationSolutions.WebTestGrouperByLocation	MMSA - Ping API
UINameSpace3e75729798884257b248460e2a9cc37d.Group	MMSA - Sirius Export Service
UINameSpace2ead15be61014841ab40df7941c38d81.Group	MMSA - V1 Credit Card Processing
UINameSpace9ca0b92eb9a641dcb667c646068a9f24.Group	MMSA - V1 Synxis Servers
UINameSpacece0bef29f43446588e9f7f5f2f218e9f.Group	MMSA LAB Servers
UINameSpacee78fa5aff1e34ec79e04e689ae7bc94e.Group	MMSA Servers
UINameSpace2fbbb79e8aad4cdfb93a15014aa5d745.Group	MMSA Services
UINameSpaceb249cf1b2a8b41f783582782a2528e3a.Group	MMSA Web Applications
SystemCenterCentral.Utilities.Certificates.MonitoringDisabledGroup	Monitoring Disabled Certificate Group
Microsoft.Windows.FileServer.DFSR.ReplicationGroupMember	MSA-AD1 (Replication Group: Domain System Volume)
Microsoft.Windows.FileServer.DFSR.ReplicationGroupMember	MSA-AD2 (Replication Group: Domain System Volume)
Microsoft.Windows.FileServer.DFSR.ReplicationGroupMember	MSA-AD3 (Replication Group: Domain System Volume)
Microsoft.Windows.FileServer.DFSR.ReplicationGroupMember	MSA-AD4 (Replication Group: Domain System Volume)
Microsoft.Windows.FileServer.DFSR.ReplicationGroupMember	MSA-AD6 (Replication Group: Domain System Volume)
Microsoft.Windows.FileServer.DFSR.ReplicationGroupMember	MSA-AXESSAPP19 (Replication Group: Axess Photos)
Microsoft.Windows.FileServer.DFSR.ReplicationGroupMember	MSA-AXESSAPP19 (Replication Group: Axess Photos)
Microsoft.Windows.FileServer.DFSR.ReplicationGroupMember	MSA-AXESSAPP19 (Replication Group: Axess Photos)
Microsoft.Windows.FileServer.DFSR.ReplicationGroupMember	MSA-AXESSAPP19 (Replication Group: AxessPhotos)
Microsoft.Windows.FileServer.DFSR.ReplicationGroupMember	MSA-DC4 (Replication Group: Domain System Volume)
UINameSpace1f21635a2d4c4020a6ebd93573bc3be1.Group	MSA-SRS DB Servers
Microsoft.SystemCenter.NetworkDeviceGroup	Network Device Group
System.NetworkManagement.NetworkMonitoring.Group	Network Discovery Servers
UINameSpacece6eb83113f143febd0d0109a579f7c2.Group	Noisy Alerts
UINameSpaceb84bbcad13574b9a947eaf0e0cd1981d.Group	Non-Production Servers
SystemCenterCentral.Utilities.Certificates.NotUpdatedCRLsGroup	Not Updated CRLs Group
Nutanix.Cluster.Group	Nutanix Clusters Group
Nutanix.Fan.Group	Nutanix Fans Group
Nutanix.PowerSupply.Group	Nutanix Power Supply Group
Microsoft.SystemCenter.OpsMgrDBWatchersGroup	Operations Database
Microsoft.SystemCenter.AgentManagedComputerGroup	Operations Manager Agent Managed Computer Group
Microsoft.SystemCenter.AgentManagedGroup	Operations Manager Agents
Microsoft.SystemCenter.CollectionManagementServerComputersGroup	Operations Manager Collection Management Server Computer Group
Microsoft.SystemCenter.GatewayManagementServerComputersGroup	Operations Manager Gateway Server Computer Group
Microsoft.SystemCenter.GatewayServerGroup	Operations Manager Gateway Servers
Microsoft.SystemCenter.HealthServicesGroup	Operations Manager Health Services Group
Microsoft.SystemCenter.ManagedComputerClientHealthServiceWatcherGroup	Operations Manager Managed Computer Client Health Service Watcher Group
Microsoft.SystemCenter.ManagementGroup	Operations Manager Management Group
Microsoft.SystemCenter.ManagementServerComputersGroup	Operations Manager Management Server Computer Group
Microsoft.SystemCenter.ManagementServersGroup	Operations Manager Management Servers
System.NetworkManagement.IcmpOnlyGroup	Operations Manager Network ICMP Only Devices
System.NetworkManagement.SNMPOnlyGroup	Operations Manager Network SNMP Only Devices
Microsoft.SystemCenter.RootManagementServerComputersGroup	Operations Manager Root Management Server Emulator Computer Group
UINameSpace65468e824bbf4a51ba7b344181d1a0e1.Group	Orion Servers
UINameSpaceb25ed831bbd948c688c25877e7e40f6c.Group	Palisades Servers
UINameSpace9bde6c281afd49b2ad3e2fe3dbf46d30.Group	Palisades Tahoe
SystemCenterCentral.Utilities.Certificates.CertCRLGroup	PKI Certificates and CRLs Group
UINameSpaceb5d7c5200dad417694f66892e2013fe6.Group	Print Spooler
UINameSpacef5d784e9394d4480b6ea40d8ecb5c5ab.Group	Process Monitors
UINameSpacef9ce1fc825d148838908efce642664b8.Group	QA Servers
Microsoft.Linux.RHEL.7.ComputerGroup	Red Hat Enterprise Linux Server 7 Computer Group
Microsoft.Linux.RedHat.ComputerGroup	Red Hat Linux Computer Group
Microsoft.Linux.RedHat.InstanceGroup	Red Hat Linux Instances Group
System.NetworkManagement.RelayNetworkAdapterGroup	Relay Network Adapters Group
UINameSpace0bbb8790a36f487ba9a770a04915bd17.Group	Remote Desktop Licensing Servers
Microsoft.Windows.Server.2008.AD.RODCGroup	RODC Group
Microsoft.Windows.Server.10.0.AD.RODCGroup	RODC Group
UINameSpace502fe35de2244508aa9d6534e4203c19.Group	RTP - GateService
Microsoft.Windows.Cluster.HostedGroup	RTPIKON_AG (VN-DED-SQLC2 ) (VM-DED-SQLC2N2)
Microsoft.Windows.Cluster.Group	RTPIKON_AG (VN-DED-SQLC2)
AlterraMP.RtpGroup	RTP-Servers-G
UINameSpace54d553be85d148fea527a57d8a3770c4.Group	RTP-TestGroup
SquaredUp.EAM.Samples.Class.AvailabilityWithSimpleMap.AvailabilityMonitoringGroup	'Sample - AdventureWorks OLTP' Availability Monitors
SquaredUp.EAM.Samples.Class.CompleteEnterpriseApplication.AvailabilityMonitoringGroup	'Sample - Contoso Sales App' Availability Monitors
SquaredUp.EAM.Samples.Class.AvailabilityWithDependencies.AvailabilityMonitoringGroup	'Sample - SmartHotel 360' Availability Monitors
SquaredUp.EAM.Samples.Class.AvailabilityOnly.AvailabilityMonitoringGroup	'Sample - Tailspin Toys' Availability Monitors
UINameSpace10b524385a114343af368b84ba237b64.Group	Sample Groups
UINameSpace0daed345591b45fb834260921a925c2e.Group	SCCM Servers
UINameSpace26c16aece947449fb2805f3c5893cc3b.Group	SCHW
UINameSpace751267cdc68d412e95b33b660d1ad2f8.Group	SCHW-AllServers
UINameSpace2a6d18efdb754c95a92afbe7d39a2b37.Group	SCHW-HSW
UINameSpace7821077d05e0485a9fb725fea4600274.Group	Servers - Critical +
UINameSpacee6cba98657324df1be66ab6db6834216.Group	Servers - Important
UINameSpace3337010b4dc5431d8ede81aa795d7a6f.Group	Servers - Never Notify
UINameSpace626caf52da70450e8ae05e447a124fe5.Group	Servers - Non-Critical
UINameSpacefa8d4d97921649f4bec7e30234ad48a4.Group	Service Monitors
UINameSpace39fe8ba83beb4dd78602094dec4fa8da.Group	Service-Test
UINameSpace0c68dd96eb64447097491b2175eec67f.Group	Service-Test-MP
Microsoft.SystemCenter.WebApplicationSolutions.WebTestGrouperByLocation	Seucre_Winterparkresrt_com
UINameSpacea7ef997ea93b48ecb94439164ae5b8d3.Group	Simplivity Arbiter Service
UINameSpace0b40c7ff44f540fcb2ee6c0f12229416.Group	Siriusware AxessEPService
UINameSpaced6e3b819c32b437abb58dfe59a73ac17.Group	SMS Servers
UINameSpace66256b0e14ce47308ef86e1b923cdce3.Group	Snowshoe
UINameSpacebff51bfc478846e39ffd7fc6b7c2e445.Group	Snowshoe Servers
UINameSpace70b86b4b4b5144e3a166ccd2b460d828.Group	Solitude
UINameSpacefbb9f5f88e354861b16d49cec7992cb8.Group	Solitude Servers
Microsoft.Windows.Cluster.HostedGroup	sol-sqlc3-aag1 (n-sol-wsfc3 ) (V-SOL-SQLC3N1)
Microsoft.Windows.Cluster.HostedGroup	sol-sqlc3-aag1 (n-sol-wsfc3 ) (V-SOL-SQLC3N2)
Microsoft.Windows.Cluster.Group	sol-sqlc3-aag1 (n-sol-wsfc3)
Microsoft.Windows.Cluster.HostedGroup	sol-sqlc3-aag2 (n-sol-wsfc3 ) (V-SOL-SQLC3N1)
Microsoft.Windows.Cluster.HostedGroup	sol-sqlc3-aag2 (n-sol-wsfc3 ) (V-SOL-SQLC3N2)
Microsoft.Windows.Cluster.Group	sol-sqlc3-aag2 (n-sol-wsfc3)
Microsoft.Windows.Cluster.HostedGroup	SQL Server (V1CLUSTER ) (MSA-V1-A)
Microsoft.Windows.Cluster.HostedGroup	SQL Server (V1CLUSTER ) (MSA-V1-B)
Microsoft.Windows.Cluster.Group	SQL Server (V1CLUSTER)
UINameSpace9eac6164073a4b02b8c675366ca67212.Group	SQL Server VSS Writer
Microsoft.Windows.FileServer.DFSR.ReplicationGroupMember	SRV-BMR-DC01 (Replication Group: Domain System Volume)
Microsoft.Windows.FileServer.DFSR.ReplicationGroupMember	SRV-DEN-DC02 (Replication Group: Domain System Volume)
Microsoft.Windows.FileServer.DFSR.ReplicationGroupMember	SRV-PDC (Replication Group: Domain System Volume)
Microsoft.Windows.FileServer.DFSR.ReplicationGroupMember	SRV-SBT-DC02 (Replication Group: Domain System Volume)
Microsoft.Windows.FileServer.DFSR.ReplicationGroupMember	SRV-SDC (Replication Group: Domain System Volume)
Microsoft.Windows.FileServer.DFSR.ReplicationGroupMember	SRV-SNO-DC01 (Replication Group: Domain System Volume)
Microsoft.Windows.FileServer.DFSR.ReplicationGroupMember	SRV-STR-DC01 (Replication Group: Domain System Volume)
Microsoft.Windows.FileServer.DFSR.ReplicationGroupMember	SRV-SUG-DC02 (Replication Group: Domain System Volume)
Microsoft.Windows.FileServer.DFSR.ReplicationGroupMember	SRV-TRM-DC01 (Replication Group: Domain System Volume)
Microsoft.Windows.FileServer.DFSR.ReplicationGroupMember	SRV-WP-DC01 (Replication Group: Domain System Volume)
Microsoft.Windows.FileServer.DFSR.ReplicationGroupMember	SRV-ZEP-DC02 (Replication Group: Domain System Volume)
UINameSpace94a989a767cf463a9fe17a6120c9d8f3.Group	Steamboat
UINameSpacebd74def634904dada459e0866e481663.Group	Steamboat DHCP
UINameSpace43d82102d4ec4c8d99853424f0c1c6a1.Group	Steamboat IT
UINameSpace8b7e1a3955994513a691955b45a3f6a5.Group	Steamboat print spooler
UINameSpace0841672acf884a1593af60a44e07d915.Group	Steamboat Servers
UINameSpaceba4fd228d0014f52923e588721d65e5c.Group	Steamboat SMS Servers
UINameSpaceb7da4131f4fa496b8a4d18c430d8d943.Group	Stratton
UINameSpace3529ce6757cb44d6a11b16f3416fd138.Group	Stratton Servers
UINameSpace7f63340a79354e2abb78cb702db4c95a.Group	Sugarbush
UINameSpace87c0faf1f9b14218bcb3074c4cff9992.Group	Sugarbush - EMV Devices
UINameSpace5793fff335644094ad58d1b7414972e3.Group	Sugarbush Ping Monitors
UINameSpace7f8184bf5074492a9f17920c2abb319b.Group	Sugarbush Servers
Microsoft.Linux.SUSE.ComputerGroup	SUSE Linux Computer Group
Microsoft.Linux.SLES.12.ComputerGroup	SUSE Linux Enterprise Server 12 Computer Group
Microsoft.Linux.SUSE.InstanceGroup	SUSE Linux Instances Group
UINameSpacee1ff044932ae4a78857cbc1325bddbcc.Group	test
UINameSpace51042a9b007f49c6a9a52b5d78090cc0.Group	Test Group - Nick
Microsoft.SystemCenter.WebApplicationSolutions.WebTestGrouperByLocation	Test- URL Monitoring Citrix
UINameSpace6da4d1690f344b7ab155fdf8df90e6c7.Group	Testagentgroup-delete
Microsoft.Windows.FileServer.DFSR.ReplicationGroupMember	TPOL (Replication Group: Domain System Volume)
UINameSpace3bd87d36d21745fb9468a10749a20132.Group	Tremblant
UINameSpace089caa4ff891406b8ad1bf73b4efd054.Group	Tremblant Servers
UINameSpace565c69e6163e40a0a35f511c1e379899.Group	UAT Servers
UINameSpace565df619e1fd400ea39fa458dffa10be.Group	UDP Group (Sealed)
UINameSpaced6253210f09142ffac445ed808ec47ff.Group	UDP Servers
Microsoft.SystemCenter.WebApplicationSolutions.WebTestGroupByLocation	Undefined
Microsoft.SystemCenter.WebApplicationSolutions.WebTestGroupByLocation	Undefined
Microsoft.SystemCenter.WebApplicationSolutions.WebTestGroupByLocation	Undefined
Microsoft.SystemCenter.WebApplicationSolutions.WebTestGroupByLocation	Undefined
Microsoft.SystemCenter.WebApplicationSolutions.WebTestGroupByLocation	Undefined
Microsoft.SystemCenter.WebApplicationSolutions.WebTestGroupByLocation	Undefined
Microsoft.SystemCenter.WebApplicationSolutions.WebTestGroupByLocation	Undefined
Microsoft.SystemCenter.WebApplicationSolutions.WebTestGroupByLocation	Undefined
Microsoft.SystemCenter.WebApplicationSolutions.WebTestGroupByLocation	Undefined
Microsoft.SystemCenter.WebApplicationSolutions.WebTestGroupByLocation	Undefined
Microsoft.SystemCenter.WebApplicationSolutions.WebTestGroupByLocation	Undefined
Microsoft.SystemCenter.WebApplicationSolutions.WebTestGroupByLocation	Undefined
Microsoft.Linux.Universal.ComputerGroup	Universal Linux Computer Group
Microsoft.Linux.Universal.InstanceGroup	Universal Linux Instances Group
Microsoft.Linux.Universal.RHEL.ComputerGroup	Universal RHEL Linux Computer Group
Microsoft.Linux.Universal.SLES.ComputerGroup	Universal SLES Linux Computer Group
Microsoft.Unix.ComputerGroup	UNIX/Linux Computer Group
Microsoft.SystemCenter.Apm.AlertAppFailureAspectRule.Group	Used to control where application failure events will be collected.
Microsoft.SystemCenter.Apm.AlertConnectivityAspectRule.Group	Used to control where connectivity failure events will be collected.
Microsoft.Windows.FileServer.DFSR.ReplicationGroupMember	V-ABSN-ENTDC01 (Replication Group: Domain System Volume)
SystemCenterCentral.Utilities.Certificates.ValidCertificatesGroup	Valid Certificates Group
Microsoft.Windows.FileServer.DFSR.ReplicationGroupMember	V-DV-DC01 (Replication Group: Domain System Volume)
Microsoft.Windows.FileServer.DFSR.ReplicationGroupMember	VM-AZU-DC01 (Replication Group: Domain System Volume)
Microsoft.Windows.FileServer.DFSR.ReplicationGroupMember	VM-BBMR-ENTDC01 (Replication Group: Domain System Volume)
Microsoft.Windows.FileServer.DFSR.ReplicationGroupMember	VM-BMR-DC02 (Replication Group: Domain System Volume)
Microsoft.Windows.FileServer.DFSR.ReplicationGroupMember	VM-BMR-ENTDC01 (Replication Group: Domain System Volume)
Microsoft.Windows.FileServer.DFSR.ReplicationGroupMember	VM-CM-ENTDC01 (Replication Group: Domain System Volume)
Microsoft.Windows.FileServer.DFSR.ReplicationGroupMember	VM-CMH-ENTDC01 (Replication Group: Domain System Volume)
Microsoft.Windows.FileServer.DFSR.ReplicationGroupMember	VM-DEN-DC01 (Replication Group: Domain System Volume)
Microsoft.Windows.FileServer.DFSR.ReplicationGroupMember	VM-DEN-ENTDC02 (Replication Group: Domain System Volume)
Microsoft.Windows.FileServer.DFSR.ReplicationGroupMember	VM-DEN-ENTDC03 (Replication Group: Domain System Volume)
Microsoft.Windows.FileServer.DFSR.ReplicationGroupMember	VM-DV-ENTDC01 (Replication Group: Domain System Volume)
Microsoft.Windows.FileServer.DFSR.ReplicationGroupMember	VM-EXT-DC02 (Replication Group: Domain System Volume)
Microsoft.Windows.FileServer.DFSR.ReplicationGroupMember	VM-EXT-DC03 (Replication Group: Domain System Volume)
Microsoft.Windows.FileServer.DFSR.ReplicationGroupMember	VM-MMSA-ENTDC01 (Replication Group: Domain System Volume)
UINameSpace5c0ee47a00fb4cbf881ce3fa3545e81f.Group	VM-SB-INTERFACE
Microsoft.Windows.FileServer.DFSR.ReplicationGroupMember	VM-SBT-DC01 (Replication Group: Domain System Volume)
Microsoft.Windows.FileServer.DFSR.ReplicationGroupMember	VM-SCHW-ENTDC01 (Replication Group: Domain System Volume)
Microsoft.Windows.FileServer.DFSR.ReplicationGroupMember	VM-SCHW-ENTDC02 (Replication Group: Domain System Volume)
Microsoft.Windows.FileServer.DFSR.ReplicationGroupMember	VM-SNO-DC02 (Replication Group: Domain System Volume)
Microsoft.Windows.FileServer.DFSR.ReplicationGroupMember	VM-SOL-ENTDC01 (Replication Group: Domain System Volume)
Microsoft.Windows.FileServer.DFSR.ReplicationGroupMember	VM-STR-DC02 (Replication Group: Domain System Volume)
Microsoft.Windows.FileServer.DFSR.ReplicationGroupMember	VM-SUG-DC01 (Replication Group: Domain System Volume)
Microsoft.Windows.FileServer.DFSR.ReplicationGroupMember	VM-SUG-DC02 (Replication Group: Domain System Volume)
Microsoft.Windows.FileServer.DFSR.ReplicationGroupMember	VM-SUG-ENTDC01 (Replication Group: Domain System Volume)
Microsoft.Windows.FileServer.DFSR.ReplicationGroupMember	VM-SVAM-ENTDC01 (Replication Group: Domain System Volume)
Microsoft.Windows.FileServer.DFSR.ReplicationGroupMember	VM-SV-DC01 (Replication Group: Domain System Volume)
Microsoft.Windows.FileServer.DFSR.ReplicationGroupMember	VM-TRM-DC02 (Replication Group: Domain System Volume)
Microsoft.Windows.FileServer.DFSR.ReplicationGroupMember	VM-WP-DC02 (Replication Group: Domain System Volume)
Microsoft.Windows.FileServer.DFSR.ReplicationGroupMember	VM-ZEP-DC01 (Replication Group: Domain System Volume)
Microsoft.Windows.Cluster.HostedGroup	VN-DEN-BLUEPAG (VN-DEN-SQLC1 ) (VM-DEN-SQLC1N1)
Microsoft.Windows.Cluster.HostedGroup	VN-DEN-BLUEPAG (VN-DEN-SQLC1 ) (VM-DEN-SQLC1N2)
Microsoft.Windows.Cluster.Group	VN-DEN-BLUEPAG (VN-DEN-SQLC1)
Microsoft.Windows.Cluster.HostedGroup	VN-DEN-CTXAG (VN-DEN-SQLC1 ) (VM-DEN-SQLC1N1)
Microsoft.Windows.Cluster.HostedGroup	VN-DEN-CTXAG (VN-DEN-SQLC1 ) (VM-DEN-SQLC1N2)
Microsoft.Windows.Cluster.Group	VN-DEN-CTXAG (VN-DEN-SQLC1)
Microsoft.Windows.Cluster.HostedGroup	VN-DEU-BLUEPAG (VN-DEN-SQLC1 ) (VM-DEN-SQLC1N1)
Microsoft.Windows.Cluster.HostedGroup	VN-DEU-BLUEPAG (VN-DEN-SQLC1 ) (VM-DEN-SQLC1N2)
Microsoft.Windows.Cluster.Group	VN-DEU-BLUEPAG (VN-DEN-SQLC1)
Microsoft.Windows.Cluster.HostedGroup	VN-SBT-LIFTMONAG (VN-SBT-SQLC2 ) (VM-SBT-SQLC2N1)
Microsoft.Windows.Cluster.HostedGroup	VN-SBT-LIFTMONAG (VN-SBT-SQLC2 ) (VM-SBT-SQLC2N2)
Microsoft.Windows.Cluster.Group	VN-SBT-LIFTMONAG (VN-SBT-SQLC2)
Microsoft.SystemCenter.WebApplication.WebURLWatchersComputerGroup	Web URL Watchers Computer Group
Microsoft.SystemCenter.WebUserInterfaces.Group	Web User Interfaces
Microsoft.Windows.Client.Win10.ComputerGroup	Windows 10 and above Computer Group
Microsoft.Windows.Server.DNS.Server.10.0.Group	Windows 2016 and 1709+ DNS Servers
Microsoft.Windows.Client.ComputerGroup	Windows Client Computer Group
Microsoft.Windows.Client.InstanceGroup	Windows Client Instances Group
Microsoft.Windows.WDS.ComputerGroup	Windows Deployment Services Computer Group
Microsoft.Windows.WDS.6.3.ComputerGroup	Windows Deployment Services for Windows Server 2012 R2 Computer Group
Microsoft.Windows.WDS.6.3.InstanceGroup	Windows Deployment Services for Windows Server 2012 R2 Instances Group
Microsoft.Windows.WDS.InstanceGroup	Windows Deployment Services Instance Group
Microsoft.Windows.Server.DNS.SignedZone.Group	Windows DNS Server Signed Zone Group
Microsoft.Windows.DNSServer.2016.SignedZone.Group	Windows DNS Server Signed Zone Group
Microsoft.Windows.Server.2003.ComputerGroup	Windows Server 2003 Computer Group
Microsoft.Windows.Server.2008.ComputerGroup	Windows Server 2008 Computer Group
Microsoft.Windows.Server.2008.Core.ComputerGroup	Windows Server 2008 Core Computer Group
Microsoft.Windows.Server.2008.Full.ComputerGroup	Windows Server 2008 Full Computer Group
Microsoft.Windows.Server.2008.R2.ComputerGroup	Windows Server 2008 R2 Computer Group
Microsoft.Windows.Server.2008.R2.Core.ComputerGroup	Windows Server 2008 R2 Core Computer Group
Microsoft.Windows.Server.2008.R2.Full.ComputerGroup	Windows Server 2008 R2 Full Computer Group
Microsoft.Windows.Server.6.2.ComputerGroup	Windows Server 2012 Computer Group
Microsoft.Windows.Server.6.2.Core.ComputerGroup	Windows Server 2012 Core Computer Group
Microsoft.Windows.Server.6.2.Full.ComputerGroup	Windows Server 2012 Full Computer Group
Microsoft.Windows.Server.2012.R2.ComputerGroup	Windows Server 2012 R2 Computer Group
Microsoft.Windows.Server.2012.R2.Core.ComputerGroup	Windows Server 2012 R2 Core Computer Group
Microsoft.Windows.Server.2012.R2.Full.ComputerGroup	Windows Server 2012 R2 Full Computer Group
Microsoft.Windows.Server.10.0.ComputerGroup	Windows Server 2016 and above Computer Group
Microsoft.Windows.Server.10.0.Core.ComputerGroup	Windows Server 2016 and above Computer Group (Core)
Microsoft.Windows.Server.10.0.Full.ComputerGroup	Windows Server 2016 Computer Group (Full)
Microsoft.Windows.Server.10.0.Nano.ComputerGroup	Windows Server 2016 Computer Group (Nano)
Microsoft.Windows.Server.ComputerGroup	Windows Server Computer Group
Microsoft.Windows.Server.InstanceGroup	Windows Server Instances Group
Microsoft.Windows.Server.InstanceGroupOnly	Windows Server Instances Only Group
UINameSpace025d3e2f1c0b40098f7e5922b20dab77.Group	Winter Park
UINameSpace67701d6a3e0545e88433f6ebb933356b.Group	Winter Park Servers
UINameSpace6dcc6e49932b4ebf82846c57185d830a.Group	WP UPS
Microsoft.Windows.Cluster.HostedGroup	wsfc1-aag1 (n-absn-WSFC1 ) (V-ABSN-SQLC1N1)
Microsoft.Windows.Cluster.HostedGroup	wsfc1-aag1 (n-absn-WSFC1 ) (v-absn-sqlc1n2)
Microsoft.Windows.Cluster.Group	wsfc1-aag1 (n-absn-WSFC1)
Microsoft.Windows.Cluster.HostedGroup	wsfc1-aag1 (vn-schw-wsfc1 ) (vm-schw-sqlc1n1)
Microsoft.Windows.Cluster.HostedGroup	wsfc1-aag1 (vn-schw-wsfc1 ) (VM-SCHW-SQLC1N2)
Microsoft.Windows.Cluster.Group	wsfc1-aag1 (vn-schw-wsfc1)
Microsoft.Windows.Cluster.HostedGroup	wsfc1-aag2 (n-absn-WSFC1 ) (V-ABSN-SQLC1N1)
Microsoft.Windows.Cluster.HostedGroup	wsfc1-aag2 (n-absn-WSFC1 ) (v-absn-sqlc1n2)
Microsoft.Windows.Cluster.Group	wsfc1-aag2 (n-absn-WSFC1)
Microsoft.Windows.Cluster.HostedGroup	wsfc1-aag2 (vn-schw-wsfc1 ) (vm-schw-sqlc1n1)
Microsoft.Windows.Cluster.HostedGroup	wsfc1-aag2 (vn-schw-wsfc1 ) (VM-SCHW-SQLC1N2)
Microsoft.Windows.Cluster.Group	wsfc1-aag2 (vn-schw-wsfc1)
Microsoft.Windows.Cluster.HostedGroup	wsfc2-aag1 (vn-bmr-wsfc2 ) (VM-BMR-SQLC2N1)
Microsoft.Windows.Cluster.HostedGroup	wsfc2-aag1 (vn-bmr-wsfc2 ) (VM-BMR-SQLC2N2)
Microsoft.Windows.Cluster.Group	wsfc2-aag1 (vn-bmr-wsfc2)
Microsoft.Windows.Cluster.HostedGroup	wsfc2-aag1 (vn-mm-wsfc2 ) (srv-mm-sqlc2n1)
Microsoft.Windows.Cluster.HostedGroup	wsfc2-aag1 (vn-mm-wsfc2 ) (srv-mm-sqlc2n2)
Microsoft.Windows.Cluster.HostedGroup	wsfc2-aag1 (vn-mm-wsfc2 ) (srv-mm-sqlc2n3)
Microsoft.Windows.Cluster.Group	wsfc2-aag1 (vn-mm-wsfc2)
Microsoft.Windows.Cluster.HostedGroup	wsfc2-aag2 (vn-bmr-wsfc2 ) (VM-BMR-SQLC2N1)
Microsoft.Windows.Cluster.HostedGroup	wsfc2-aag2 (vn-bmr-wsfc2 ) (VM-BMR-SQLC2N2)
Microsoft.Windows.Cluster.Group	wsfc2-aag2 (vn-bmr-wsfc2)
Microsoft.Windows.Cluster.HostedGroup	wsfc2-aag2 (vn-mm-wsfc2 ) (srv-mm-sqlc2n1)
Microsoft.Windows.Cluster.HostedGroup	wsfc2-aag2 (vn-mm-wsfc2 ) (srv-mm-sqlc2n2)
Microsoft.Windows.Cluster.HostedGroup	wsfc2-aag2 (vn-mm-wsfc2 ) (srv-mm-sqlc2n3)
Microsoft.Windows.Cluster.Group	wsfc2-aag2 (vn-mm-wsfc2)